"7/26/21 5:30:00 AM", 30, 1.0
"7/26/21 5:30:00 AM", 1, 7.11
"7/26/21 5:30:00 AM", 2, 1244.14
"7/26/21 5:30:00 AM", 3, 20.9
"7/26/21 5:30:00 AM", 4, 0
"7/26/21 5:30:00 AM", 5, 18.2
"7/26/21 5:00:00 AM", 30, 1.0
"7/26/21 5:00:00 AM", 1, 7.09
"7/26/21 5:00:00 AM", 2, 1245.40
"7/26/21 5:00:00 AM", 3, 20.9
"7/26/21 5:00:00 AM", 4, 0
"7/26/21 5:00:00 AM", 5, 18.3
"7/26/21 4:30:00 AM", 30, 1.0
"7/26/21 4:30:00 AM", 1, 7.12
"7/26/21 4:30:00 AM", 2, 1238.53
"7/26/21 4:30:00 AM", 3, 20.9
"7/26/21 4:30:00 AM", 4, 0
"7/26/21 4:30:00 AM", 5, 18.3
"7/26/21 4:00:00 AM", 30, 1.0
"7/26/21 4:00:00 AM", 1, 7.13
"7/26/21 4:00:00 AM", 2, 1246.66
"7/26/21 4:00:00 AM", 3, 20.9
"7/26/21 4:00:00 AM", 4, 0
"7/26/21 4:00:00 AM", 5, 18.3
"7/26/21 3:30:00 AM", 30, 1.0
"7/26/21 3:30:00 AM", 1, 7.10
"7/26/21 3:30:00 AM", 2, 1237.27
"7/26/21 3:30:00 AM", 3, 20.9
"7/26/21 3:30:00 AM", 4, 0
"7/26/21 3:30:00 AM", 5, 18.2
"7/26/21 3:00:00 AM", 30, 1.0
"7/26/21 3:00:00 AM", 1, 7.13
"7/26/21 3:00:00 AM", 2, 1241.02
"7/26/21 3:00:00 AM", 3, 20.9
"7/26/21 3:00:00 AM", 4, 0
"7/26/21 3:00:00 AM", 5, 18.3
"7/26/21 2:30:00 AM", 30, 1.0
"7/26/21 2:30:00 AM", 1, 7.08
"7/26/21 2:30:00 AM", 2, 1227.25
"7/26/21 2:30:00 AM", 3, 20.9
"7/26/21 2:30:00 AM", 4, 0
"7/26/21 2:30:00 AM", 5, 18.3
"7/26/21 2:00:00 AM", 30, 1.0
"7/26/21 2:00:00 AM", 1, 7.09
"7/26/21 2:00:00 AM", 2, 1246.03
"7/26/21 2:00:00 AM", 3, 20.9
"7/26/21 2:00:00 AM", 4, 0
"7/26/21 2:00:00 AM", 5, 18.3
"7/26/21 1:30:00 AM", 30, 1.0
"7/26/21 1:30:00 AM", 1, 7.09
"7/26/21 1:30:00 AM", 2, 1243.51
"7/26/21 1:30:00 AM", 3, 20.9
"7/26/21 1:30:00 AM", 4, 0
"7/26/21 1:30:00 AM", 5, 18.3
"7/26/21 1:00:00 AM", 30, 1.0
"7/26/21 1:00:00 AM", 1, 7.07
"7/26/21 1:00:00 AM", 2, 1245.40
"7/26/21 1:00:00 AM", 3, 20.9
"7/26/21 1:00:00 AM", 4, 0
"7/26/21 1:00:00 AM", 5, 18.3
"7/26/21 12:30:00 AM", 30, 1.0
"7/26/21 12:30:00 AM", 1, 7.05
"7/26/21 12:30:00 AM", 2, 1227.88
"7/26/21 12:30:00 AM", 3, 20.9
"7/26/21 12:30:00 AM", 4, 0
"7/26/21 12:30:00 AM", 5, 18.3
"7/26/21 12:00:00 AM", 30, 1.0
"7/26/21 12:00:00 AM", 1, 7.16
"7/26/21 12:00:00 AM", 2, 1237.90
"7/26/21 12:00:00 AM", 3, 20.9
"7/26/21 12:00:00 AM", 4, 0
"7/26/21 12:00:00 AM", 5, 18.3
"7/25/21 11:30:00 PM", 30, 1.0
"7/25/21 11:30:00 PM", 1, 7.15
"7/25/21 11:30:00 PM", 2, 1232.89
"7/25/21 11:30:00 PM", 3, 20.9
"7/25/21 11:30:00 PM", 4, 0
"7/25/21 11:30:00 PM", 5, 18.3
"7/25/21 11:00:00 PM", 30, 1.0
"7/25/21 11:00:00 PM", 1, 7.13
"7/25/21 11:00:00 PM", 2, 1236.64
"7/25/21 11:00:00 PM", 3, 20.9
"7/25/21 11:00:00 PM", 4, 0
"7/25/21 11:00:00 PM", 5, 18.3
"7/25/21 10:30:00 PM", 30, 1.0
"7/25/21 10:30:00 PM", 1, 7.18
"7/25/21 10:30:00 PM", 2, 1230.40
"7/25/21 10:30:00 PM", 3, 20.9
"7/25/21 10:30:00 PM", 4, 0
"7/25/21 10:30:00 PM", 5, 18.4
"7/25/21 10:00:00 PM", 30, 1.0
"7/25/21 10:00:00 PM", 1, 7.16
"7/25/21 10:00:00 PM", 2, 1236.64
"7/25/21 10:00:00 PM", 3, 20.9
"7/25/21 10:00:00 PM", 4, 0
"7/25/21 10:00:00 PM", 5, 18.4
"7/25/21 9:30:00 PM", 30, 1.0
"7/25/21 9:30:00 PM", 1, 7.17
"7/25/21 9:30:00 PM", 2, 1232.89
"7/25/21 9:30:00 PM", 3, 20.9
"7/25/21 9:30:00 PM", 4, 0
"7/25/21 9:30:00 PM", 5, 18.4
"7/25/21 9:00:00 PM", 30, 1.0
"7/25/21 9:00:00 PM", 1, 7.15
"7/25/21 9:00:00 PM", 2, 1240.39
"7/25/21 9:00:00 PM", 3, 20.9
"7/25/21 9:00:00 PM", 4, 0
"7/25/21 9:00:00 PM", 5, 18.4
"7/25/21 8:30:00 PM", 30, 1.0
"7/25/21 8:30:00 PM", 1, 7.18
"7/25/21 8:30:00 PM", 2, 1234.15
"7/25/21 8:30:00 PM", 3, 20.9
"7/25/21 8:30:00 PM", 4, 0
"7/25/21 8:30:00 PM", 5, 18.5
"7/25/21 8:00:00 PM", 30, 1.0
"7/25/21 8:00:00 PM", 1, 7.15
"7/25/21 8:00:00 PM", 2, 1235.38
"7/25/21 8:00:00 PM", 3, 20.9
"7/25/21 8:00:00 PM", 4, 0
"7/25/21 8:00:00 PM", 5, 18.4
"7/25/21 7:30:00 PM", 30, 1.0
"7/25/21 7:30:00 PM", 1, 7.15
"7/25/21 7:30:00 PM", 2, 1234.78
"7/25/21 7:30:00 PM", 3, 20.9
"7/25/21 7:30:00 PM", 4, 0
"7/25/21 7:30:00 PM", 5, 18.4
"7/25/21 7:00:00 PM", 30, 1.0
"7/25/21 7:00:00 PM", 1, 7.19
"7/25/21 7:00:00 PM", 2, 1234.78
"7/25/21 7:00:00 PM", 3, 20.8
"7/25/21 7:00:00 PM", 4, 0
"7/25/21 7:00:00 PM", 5, 18.4
"7/25/21 6:30:00 PM", 30, 1.0
"7/25/21 6:30:00 PM", 1, 7.15
"7/25/21 6:30:00 PM", 2, 1230.40
"7/25/21 6:30:00 PM", 3, 20.9
"7/25/21 6:30:00 PM", 4, 0
"7/25/21 6:30:00 PM", 5, 18.4
"7/25/21 6:00:00 PM", 30, 1.0
"7/25/21 6:00:00 PM", 1, 7.18
"7/25/21 6:00:00 PM", 2, 1235.38
"7/25/21 6:00:00 PM", 3, 20.8
"7/25/21 6:00:00 PM", 4, 0
"7/25/21 6:00:00 PM", 5, 18.4
"7/25/21 5:30:00 PM", 30, 1.0
"7/25/21 5:30:00 PM", 1, 7.17
"7/25/21 5:30:00 PM", 2, 1231.03
"7/25/21 5:30:00 PM", 3, 20.8
"7/25/21 5:30:00 PM", 4, 0
"7/25/21 5:30:00 PM", 5, 18.3
"7/25/21 5:00:00 PM", 30, 1.0
"7/25/21 5:00:00 PM", 1, 7.16
"7/25/21 5:00:00 PM", 2, 1239.13
"7/25/21 5:00:00 PM", 3, 20.8
"7/25/21 5:00:00 PM", 4, 0
"7/25/21 5:00:00 PM", 5, 18.4
"7/25/21 4:30:00 PM", 30, 1.0
"7/25/21 4:30:00 PM", 1, 7.13
"7/25/21 4:30:00 PM", 2, 1235.38
"7/25/21 4:30:00 PM", 3, 20.8
"7/25/21 4:30:00 PM", 4, 0
"7/25/21 4:30:00 PM", 5, 18.3
"7/25/21 4:00:00 PM", 30, 1.0
"7/25/21 4:00:00 PM", 1, 7.11
"7/25/21 4:00:00 PM", 2, 1231.63
"7/25/21 4:00:00 PM", 3, 20.8
"7/25/21 4:00:00 PM", 4, 0
"7/25/21 4:00:00 PM", 5, 18.4
"7/25/21 3:30:00 PM", 30, 1.0
"7/25/21 3:30:00 PM", 1, 7.04
"7/25/21 3:30:00 PM", 2, 1233.52
"7/25/21 3:30:00 PM", 3, 20.7
"7/25/21 3:30:00 PM", 4, 0
"7/25/21 3:30:00 PM", 5, 18.3
"7/25/21 3:00:00 PM", 30, 1.0
"7/25/21 3:00:00 PM", 1, 7.14
"7/25/21 3:00:00 PM", 2, 1242.28
"7/25/21 3:00:00 PM", 3, 20.8
"7/25/21 3:00:00 PM", 4, 0
"7/25/21 3:00:00 PM", 5, 18.3
"7/25/21 2:30:00 PM", 30, 1.0
"7/25/21 2:30:00 PM", 1, 7.14
"7/25/21 2:30:00 PM", 2, 1244.14
"7/25/21 2:30:00 PM", 3, 20.7
"7/25/21 2:30:00 PM", 4, 0
"7/25/21 2:30:00 PM", 5, 18.3
"7/25/21 2:00:00 PM", 30, 1.0
"7/25/21 2:00:00 PM", 1, 7.12
"7/25/21 2:00:00 PM", 2, 1247.26
"7/25/21 2:00:00 PM", 3, 20.8
"7/25/21 2:00:00 PM", 4, 0
"7/25/21 2:00:00 PM", 5, 18.2
"7/25/21 1:30:00 PM", 30, 1.0
"7/25/21 1:30:00 PM", 1, 7.11
"7/25/21 1:30:00 PM", 2, 1241.65
"7/25/21 1:30:00 PM", 3, 20.8
"7/25/21 1:30:00 PM", 4, 0
"7/25/21 1:30:00 PM", 5, 18.2
"7/25/21 1:00:00 PM", 30, 1.0
"7/25/21 1:00:00 PM", 1, 7.13
"7/25/21 1:00:00 PM", 2, 1244.77
"7/25/21 1:00:00 PM", 3, 20.7
"7/25/21 1:00:00 PM", 4, 0
"7/25/21 1:00:00 PM", 5, 18.1
"7/25/21 12:30:00 PM", 30, 1.0
"7/25/21 12:30:00 PM", 1, 7.12
"7/25/21 12:30:00 PM", 2, 1242.88
"7/25/21 12:30:00 PM", 3, 20.7
"7/25/21 12:30:00 PM", 4, 0
"7/25/21 12:30:00 PM", 5, 17.9
"7/25/21 12:00:00 PM", 30, 1.0
"7/25/21 12:00:00 PM", 1, 7.13
"7/25/21 12:00:00 PM", 2, 1239.13
"7/25/21 12:00:00 PM", 3, 20.8
"7/25/21 12:00:00 PM", 4, 0
"7/25/21 12:00:00 PM", 5, 18.1
"7/25/21 11:30:00 AM", 30, 1.0
"7/25/21 11:30:00 AM", 1, 7.10
"7/25/21 11:30:00 AM", 2, 1238.53
"7/25/21 11:30:00 AM", 3, 20.7
"7/25/21 11:30:00 AM", 4, 0
"7/25/21 11:30:00 AM", 5, 18.2
"7/25/21 11:00:00 AM", 30, 1.0
"7/25/21 11:00:00 AM", 1, 7.15
"7/25/21 11:00:00 AM", 2, 1242.28
"7/25/21 11:00:00 AM", 3, 20.7
"7/25/21 11:00:00 AM", 4, 0
"7/25/21 11:00:00 AM", 5, 18.2
"7/25/21 10:30:00 AM", 30, 1.0
"7/25/21 10:30:00 AM", 1, 7.11
"7/25/21 10:30:00 AM", 2, 1242.88
"7/25/21 10:30:00 AM", 3, 20.7
"7/25/21 10:30:00 AM", 4, 0
"7/25/21 10:30:00 AM", 5, 18.1
"7/25/21 10:00:00 AM", 30, 1.0
"7/25/21 10:00:00 AM", 1, 7.11
"7/25/21 10:00:00 AM", 2, 1238.53
"7/25/21 10:00:00 AM", 3, 20.7
"7/25/21 10:00:00 AM", 4, 0
"7/25/21 10:00:00 AM", 5, 18.0
"7/25/21 9:30:00 AM", 30, 1.0
"7/25/21 9:30:00 AM", 1, 7.04
"7/25/21 9:30:00 AM", 2, 1242.88
"7/25/21 9:30:00 AM", 3, 20.7
"7/25/21 9:30:00 AM", 4, 0
"7/25/21 9:30:00 AM", 5, 18.2
"7/25/21 9:00:00 AM", 30, 1.0
"7/25/21 9:00:00 AM", 1, 7.17
"7/25/21 9:00:00 AM", 2, 1241.65
"7/25/21 9:00:00 AM", 3, 20.8
"7/25/21 9:00:00 AM", 4, 0
"7/25/21 9:00:00 AM", 5, 18.2
"7/25/21 8:30:00 AM", 30, 1.0
"7/25/21 8:30:00 AM", 1, 7.12
"7/25/21 8:30:00 AM", 2, 1246.66
"7/25/21 8:30:00 AM", 3, 20.8
"7/25/21 8:30:00 AM", 4, 0
"7/25/21 8:30:00 AM", 5, 18.3
"7/25/21 8:00:00 AM", 30, 1.0
"7/25/21 8:00:00 AM", 1, 7.16
"7/25/21 8:00:00 AM", 2, 1244.77
"7/25/21 8:00:00 AM", 3, 20.8
"7/25/21 8:00:00 AM", 4, 0
"7/25/21 8:00:00 AM", 5, 18.1
"7/25/21 7:30:00 AM", 30, 1.0
"7/25/21 7:30:00 AM", 1, 7.09
"7/25/21 7:30:00 AM", 2, 1250.41
"7/25/21 7:30:00 AM", 3, 20.7
"7/25/21 7:30:00 AM", 4, 0
"7/25/21 7:30:00 AM", 5, 18.1
"7/25/21 7:00:00 AM", 30, 1.0
"7/25/21 7:00:00 AM", 1, 7.11
"7/25/21 7:00:00 AM", 2, 1249.78
"7/25/21 7:00:00 AM", 3, 20.7
"7/25/21 7:00:00 AM", 4, 0
"7/25/21 7:00:00 AM", 5, 18.0
"7/25/21 6:30:00 AM", 30, 1.0
"7/25/21 6:30:00 AM", 1, 7.09
"7/25/21 6:30:00 AM", 2, 1251.01
"7/25/21 6:30:00 AM", 3, 20.8
"7/25/21 6:30:00 AM", 4, 0
"7/25/21 6:30:00 AM", 5, 18.1
"7/25/21 6:00:00 AM", 30, 1.0
"7/25/21 6:00:00 AM", 1, 7.10
"7/25/21 6:00:00 AM", 2, 1251.64
"7/25/21 6:00:00 AM", 3, 20.7
"7/25/21 6:00:00 AM", 4, 0
"7/25/21 6:00:00 AM", 5, 18.0
"7/25/21 5:30:00 AM", 30, 1.0
"7/25/21 5:30:00 AM", 1, 7.12
"7/25/21 5:30:00 AM", 2, 1249.78
"7/25/21 5:30:00 AM", 3, 20.7
"7/25/21 5:30:00 AM", 4, 0
"7/25/21 5:30:00 AM", 5, 18.1
"7/25/21 5:00:00 AM", 30, 1.0
"7/25/21 5:00:00 AM", 1, 7.09
"7/25/21 5:00:00 AM", 2, 1251.01
"7/25/21 5:00:00 AM", 3, 20.7
"7/25/21 5:00:00 AM", 4, 0
"7/25/21 5:00:00 AM", 5, 18.1
"7/25/21 4:30:00 AM", 30, 1.0
"7/25/21 4:30:00 AM", 1, 7.10
"7/25/21 4:30:00 AM", 2, 1241.02
"7/25/21 4:30:00 AM", 3, 20.7
"7/25/21 4:30:00 AM", 4, 0
"7/25/21 4:30:00 AM", 5, 18.1
"7/25/21 4:00:00 AM", 30, 1.0
"7/25/21 4:00:00 AM", 1, 7.09
"7/25/21 4:00:00 AM", 2, 1250.41
"7/25/21 4:00:00 AM", 3, 20.7
"7/25/21 4:00:00 AM", 4, 0
"7/25/21 4:00:00 AM", 5, 18.1
"7/25/21 3:30:00 AM", 30, 1.0
"7/25/21 3:30:00 AM", 1, 7.10
"7/25/21 3:30:00 AM", 2, 1251.64
"7/25/21 3:30:00 AM", 3, 20.7
"7/25/21 3:30:00 AM", 4, 0
"7/25/21 3:30:00 AM", 5, 18.0
"7/25/21 3:00:00 AM", 30, 1.0
"7/25/21 3:00:00 AM", 1, 7.09
"7/25/21 3:00:00 AM", 2, 1247.89
"7/25/21 3:00:00 AM", 3, 20.7
"7/25/21 3:00:00 AM", 4, 0
"7/25/21 3:00:00 AM", 5, 18.1
"7/25/21 2:30:00 AM", 30, 1.0
"7/25/21 2:30:00 AM", 1, 7.11
"7/25/21 2:30:00 AM", 2, 1252.27
"7/25/21 2:30:00 AM", 3, 20.7
"7/25/21 2:30:00 AM", 4, 0
"7/25/21 2:30:00 AM", 5, 18.1
"7/25/21 2:00:00 AM", 30, 1.0
"7/25/21 2:00:00 AM", 1, 7.08
"7/25/21 2:00:00 AM", 2, 1251.64
"7/25/21 2:00:00 AM", 3, 20.7
"7/25/21 2:00:00 AM", 4, 0
"7/25/21 2:00:00 AM", 5, 18.0
"7/25/21 1:30:00 AM", 30, 1.0
"7/25/21 1:30:00 AM", 1, 7.08
"7/25/21 1:30:00 AM", 2, 1247.26
"7/25/21 1:30:00 AM", 3, 20.7
"7/25/21 1:30:00 AM", 4, 0
"7/25/21 1:30:00 AM", 5, 18.0
"7/25/21 1:00:00 AM", 30, 1.0
"7/25/21 1:00:00 AM", 1, 7.08
"7/25/21 1:00:00 AM", 2, 1246.03
"7/25/21 1:00:00 AM", 3, 20.7
"7/25/21 1:00:00 AM", 4, 0
"7/25/21 1:00:00 AM", 5, 18.1
"7/25/21 12:30:00 AM", 30, 1.0
"7/25/21 12:30:00 AM", 1, 7.01
"7/25/21 12:30:00 AM", 2, 1246.03
"7/25/21 12:30:00 AM", 3, 20.6
"7/25/21 12:30:00 AM", 4, 0
"7/25/21 12:30:00 AM", 5, 18.1
"7/25/21 12:00:00 AM", 30, 1.0
"7/25/21 12:00:00 AM", 1, 7.12
"7/25/21 12:00:00 AM", 2, 1249.15
"7/25/21 12:00:00 AM", 3, 20.7
"7/25/21 12:00:00 AM", 4, 0
"7/25/21 12:00:00 AM", 5, 18.2
"7/24/21 11:30:00 PM", 30, 1.0
"7/24/21 11:30:00 PM", 1, 7.14
"7/24/21 11:30:00 PM", 2, 1256.65
"7/24/21 11:30:00 PM", 3, 20.7
"7/24/21 11:30:00 PM", 4, 0
"7/24/21 11:30:00 PM", 5, 18.1
"7/24/21 11:00:00 PM", 30, 1.0
"7/24/21 11:00:00 PM", 1, 7.15
"7/24/21 11:00:00 PM", 2, 1258.54
"7/24/21 11:00:00 PM", 3, 20.7
"7/24/21 11:00:00 PM", 4, 0
"7/24/21 11:00:00 PM", 5, 18.1
"7/24/21 10:30:00 PM", 30, 1.0
"7/24/21 10:30:00 PM", 1, 7.15
"7/24/21 10:30:00 PM", 2, 1255.39
"7/24/21 10:30:00 PM", 3, 20.7
"7/24/21 10:30:00 PM", 4, 0
"7/24/21 10:30:00 PM", 5, 18.1
"7/24/21 10:00:00 PM", 30, 1.0
"7/24/21 10:00:00 PM", 1, 7.12
"7/24/21 10:00:00 PM", 2, 1257.91
"7/24/21 10:00:00 PM", 3, 20.7
"7/24/21 10:00:00 PM", 4, 0
"7/24/21 10:00:00 PM", 5, 18.2
"7/24/21 9:30:00 PM", 30, 1.0
"7/24/21 9:30:00 PM", 1, 7.13
"7/24/21 9:30:00 PM", 2, 1257.91
"7/24/21 9:30:00 PM", 3, 20.6
"7/24/21 9:30:00 PM", 4, 0
"7/24/21 9:30:00 PM", 5, 18.2
"7/24/21 9:00:00 PM", 30, 1.0
"7/24/21 9:00:00 PM", 1, 7.19
"7/24/21 9:00:00 PM", 2, 1259.14
"7/24/21 9:00:00 PM", 3, 20.7
"7/24/21 9:00:00 PM", 4, 0
"7/24/21 9:00:00 PM", 5, 18.0
"7/24/21 8:30:00 PM", 30, 1.0
"7/24/21 8:30:00 PM", 1, 7.15
"7/24/21 8:30:00 PM", 2, 1258.54
"7/24/21 8:30:00 PM", 3, 20.7
"7/24/21 8:30:00 PM", 4, 0
"7/24/21 8:30:00 PM", 5, 18.1
"7/24/21 8:00:00 PM", 30, 1.0
"7/24/21 8:00:00 PM", 1, 7.19
"7/24/21 8:00:00 PM", 2, 1250.41
"7/24/21 8:00:00 PM", 3, 20.7
"7/24/21 8:00:00 PM", 4, 0
"7/24/21 8:00:00 PM", 5, 18.1
"7/24/21 7:30:00 PM", 30, 1.0
"7/24/21 7:30:00 PM", 1, 7.14
"7/24/21 7:30:00 PM", 2, 1258.54
"7/24/21 7:30:00 PM", 3, 20.7
"7/24/21 7:30:00 PM", 4, 0
"7/24/21 7:30:00 PM", 5, 18.1
"7/24/21 7:00:00 PM", 30, 1.0
"7/24/21 7:00:00 PM", 1, 7.13
"7/24/21 7:00:00 PM", 2, 1257.91
"7/24/21 7:00:00 PM", 3, 20.7
"7/24/21 7:00:00 PM", 4, 0
"7/24/21 7:00:00 PM", 5, 18.1
"7/24/21 6:30:00 PM", 30, 1.0
"7/24/21 6:30:00 PM", 1, 7.12
"7/24/21 6:30:00 PM", 2, 1262.29
"7/24/21 6:30:00 PM", 3, 20.7
"7/24/21 6:30:00 PM", 4, 0
"7/24/21 6:30:00 PM", 5, 17.8
"7/24/21 6:00:00 PM", 30, 1.0
"7/24/21 6:00:00 PM", 1, 7.14
"7/24/21 6:00:00 PM", 2, 1264.15
"7/24/21 6:00:00 PM", 3, 20.7
"7/24/21 6:00:00 PM", 4, 0
"7/24/21 6:00:00 PM", 5, 17.8
"7/24/21 5:30:00 PM", 30, 1.0
"7/24/21 5:30:00 PM", 1, 7.18
"7/24/21 5:30:00 PM", 2, 1227.88
"7/24/21 5:30:00 PM", 3, 20.7
"7/24/21 5:30:00 PM", 4, 0
"7/24/21 5:30:00 PM", 5, 18.1
"7/24/21 5:00:00 PM", 30, 1.0
"7/24/21 5:00:00 PM", 1, 7.16
"7/24/21 5:00:00 PM", 2, 1231.03
"7/24/21 5:00:00 PM", 3, 20.7
"7/24/21 5:00:00 PM", 4, 0
"7/24/21 5:00:00 PM", 5, 18.2
"7/24/21 4:30:00 PM", 30, 1.0
"7/24/21 4:30:00 PM", 1, 7.15
"7/24/21 4:30:00 PM", 2, 1232.26
"7/24/21 4:30:00 PM", 3, 20.6
"7/24/21 4:30:00 PM", 4, 0
"7/24/21 4:30:00 PM", 5, 18.1
"7/24/21 4:00:00 PM", 30, 1.0
"7/24/21 4:00:00 PM", 1, 7.15
"7/24/21 4:00:00 PM", 2, 1231.63
"7/24/21 4:00:00 PM", 3, 20.7
"7/24/21 4:00:00 PM", 4, 0
"7/24/21 4:00:00 PM", 5, 17.8
"7/24/21 3:30:00 PM", 30, 1.0
"7/24/21 3:30:00 PM", 1, 7.07
"7/24/21 3:30:00 PM", 2, 1229.14
"7/24/21 3:30:00 PM", 3, 20.6
"7/24/21 3:30:00 PM", 4, 0
"7/24/21 3:30:00 PM", 5, 17.8
"7/24/21 3:00:00 PM", 30, 1.0
"7/24/21 3:00:00 PM", 1, 7.12
"7/24/21 3:00:00 PM", 2, 1236.64
"7/24/21 3:00:00 PM", 3, 20.7
"7/24/21 3:00:00 PM", 4, 0
"7/24/21 3:00:00 PM", 5, 18.0
"7/24/21 2:30:00 PM", 30, 1.0
"7/24/21 2:30:00 PM", 1, 7.16
"7/24/21 2:30:00 PM", 2, 1240.39
"7/24/21 2:30:00 PM", 3, 20.8
"7/24/21 2:30:00 PM", 4, 0
"7/24/21 2:30:00 PM", 5, 18.2
"7/24/21 2:00:00 PM", 30, 1.0
"7/24/21 2:00:00 PM", 1, 7.18
"7/24/21 2:00:00 PM", 2, 1236.01
"7/24/21 2:00:00 PM", 3, 20.7
"7/24/21 2:00:00 PM", 4, 0
"7/24/21 2:00:00 PM", 5, 18.1
"7/24/21 1:30:00 PM", 30, 1.0
"7/24/21 1:30:00 PM", 1, 7.15
"7/24/21 1:30:00 PM", 2, 1241.02
"7/24/21 1:30:00 PM", 3, 20.7
"7/24/21 1:30:00 PM", 4, 0
"7/24/21 1:30:00 PM", 5, 17.9
"7/24/21 1:00:00 PM", 30, 1.0
"7/24/21 1:00:00 PM", 1, 7.14
"7/24/21 1:00:00 PM", 2, 1236.64
"7/24/21 1:00:00 PM", 3, 20.7
"7/24/21 1:00:00 PM", 4, 0
"7/24/21 1:00:00 PM", 5, 17.7
"7/24/21 12:30:00 PM", 30, 1.0
"7/24/21 12:30:00 PM", 1, 7.18
"7/24/21 12:30:00 PM", 2, 1227.88
"7/24/21 12:30:00 PM", 3, 20.8
"7/24/21 12:30:00 PM", 4, 0
"7/24/21 12:30:00 PM", 5, 18.0
"7/24/21 12:00:00 PM", 30, 1.0
"7/24/21 12:00:00 PM", 1, 7.15
"7/24/21 12:00:00 PM", 2, 1236.01
"7/24/21 12:00:00 PM", 3, 20.7
"7/24/21 12:00:00 PM", 4, 0
"7/24/21 12:00:00 PM", 5, 18.2
"7/24/21 11:30:00 AM", 30, 1.0
"7/24/21 11:30:00 AM", 1, 7.17
"7/24/21 11:30:00 AM", 2, 1236.64
"7/24/21 11:30:00 AM", 3, 20.7
"7/24/21 11:30:00 AM", 4, 0
"7/24/21 11:30:00 AM", 5, 18.2
"7/24/21 11:00:00 AM", 30, 1.0
"7/24/21 11:00:00 AM", 1, 7.12
"7/24/21 11:00:00 AM", 2, 1241.02
"7/24/21 11:00:00 AM", 3, 20.7
"7/24/21 11:00:00 AM", 4, 0
"7/24/21 11:00:00 AM", 5, 18.0
"7/24/21 10:30:00 AM", 30, 1.0
"7/24/21 10:30:00 AM", 1, 7.15
"7/24/21 10:30:00 AM", 2, 1243.51
"7/24/21 10:30:00 AM", 3, 20.7
"7/24/21 10:30:00 AM", 4, 0
"7/24/21 10:30:00 AM", 5, 17.9
"7/24/21 10:00:00 AM", 30, 1.0
"7/24/21 10:00:00 AM", 1, 7.13
"7/24/21 10:00:00 AM", 2, 1239.13
"7/24/21 10:00:00 AM", 3, 20.7
"7/24/21 10:00:00 AM", 4, 0
"7/24/21 10:00:00 AM", 5, 18.1
"7/24/21 9:30:00 AM", 30, 1.0
"7/24/21 9:30:00 AM", 1, 7.08
"7/24/21 9:30:00 AM", 2, 1238.53
"7/24/21 9:30:00 AM", 3, 20.7
"7/24/21 9:30:00 AM", 4, 0
"7/24/21 9:30:00 AM", 5, 18.4
"7/24/21 9:00:00 AM", 30, 1.0
"7/24/21 9:00:00 AM", 1, 7.17
"7/24/21 9:00:00 AM", 2, 1249.78
"7/24/21 9:00:00 AM", 3, 20.7
"7/24/21 9:00:00 AM", 4, 0
"7/24/21 9:00:00 AM", 5, 18.3
"7/24/21 8:30:00 AM", 30, 1.0
"7/24/21 8:30:00 AM", 1, 7.15
"7/24/21 8:30:00 AM", 2, 1245.40
"7/24/21 8:30:00 AM", 3, 20.8
"7/24/21 8:30:00 AM", 4, 0
"7/24/21 8:30:00 AM", 5, 18.1
"7/24/21 8:00:00 AM", 30, 1.0
"7/24/21 8:00:00 AM", 1, 7.15
"7/24/21 8:00:00 AM", 2, 1241.65
"7/24/21 8:00:00 AM", 3, 20.8
"7/24/21 8:00:00 AM", 4, 0
"7/24/21 8:00:00 AM", 5, 18.2
"7/24/21 7:30:00 AM", 30, 1.0
"7/24/21 7:30:00 AM", 1, 7.16
"7/24/21 7:30:00 AM", 2, 1248.52
"7/24/21 7:30:00 AM", 3, 20.8
"7/24/21 7:30:00 AM", 4, 0
"7/24/21 7:30:00 AM", 5, 18.1
"7/24/21 7:00:00 AM", 30, 1.0
"7/24/21 7:00:00 AM", 1, 7.15
"7/24/21 7:00:00 AM", 2, 1247.26
"7/24/21 7:00:00 AM", 3, 20.7
"7/24/21 7:00:00 AM", 4, 0
"7/24/21 7:00:00 AM", 5, 18.2
"7/24/21 6:30:00 AM", 30, 1.0
"7/24/21 6:30:00 AM", 1, 7.14
"7/24/21 6:30:00 AM", 2, 1249.15
"7/24/21 6:30:00 AM", 3, 20.8
"7/24/21 6:30:00 AM", 4, 0
"7/24/21 6:30:00 AM", 5, 18.1
"7/24/21 6:00:00 AM", 30, 1.0
"7/24/21 6:00:00 AM", 1, 7.15
"7/24/21 6:00:00 AM", 2, 1246.66
"7/24/21 6:00:00 AM", 3, 20.7
"7/24/21 6:00:00 AM", 4, 0
"7/24/21 6:00:00 AM", 5, 18.1
"7/24/21 5:30:00 AM", 30, 1.0
"7/24/21 5:30:00 AM", 1, 7.12
"7/24/21 5:30:00 AM", 2, 1247.89
"7/24/21 5:30:00 AM", 3, 20.7
"7/24/21 5:30:00 AM", 4, 0
"7/24/21 5:30:00 AM", 5, 18.0
"7/24/21 5:00:00 AM", 30, 1.0
"7/24/21 5:00:00 AM", 1, 7.13
"7/24/21 5:00:00 AM", 2, 1248.52
"7/24/21 5:00:00 AM", 3, 20.7
"7/24/21 5:00:00 AM", 4, 0
"7/24/21 5:00:00 AM", 5, 18.2
"7/24/21 4:30:00 AM", 30, 1.0
"7/24/21 4:30:00 AM", 1, 7.13
"7/24/21 4:30:00 AM", 2, 1249.15
"7/24/21 4:30:00 AM", 3, 20.7
"7/24/21 4:30:00 AM", 4, 0
"7/24/21 4:30:00 AM", 5, 18.2
"7/24/21 4:00:00 AM", 30, 1.0
"7/24/21 4:00:00 AM", 1, 7.14
"7/24/21 4:00:00 AM", 2, 1248.52
"7/24/21 4:00:00 AM", 3, 20.7
"7/24/21 4:00:00 AM", 4, 0
"7/24/21 4:00:00 AM", 5, 18.1
"7/24/21 3:30:00 AM", 30, 1.0
"7/24/21 3:30:00 AM", 1, 7.15
"7/24/21 3:30:00 AM", 2, 1242.28
"7/24/21 3:30:00 AM", 3, 20.7
"7/24/21 3:30:00 AM", 4, 0
"7/24/21 3:30:00 AM", 5, 18.1
"7/24/21 3:00:00 AM", 30, 1.0
"7/24/21 3:00:00 AM", 1, 7.13
"7/24/21 3:00:00 AM", 2, 1247.26
"7/24/21 3:00:00 AM", 3, 20.7
"7/24/21 3:00:00 AM", 4, 0
"7/24/21 3:00:00 AM", 5, 18.1
"7/24/21 2:30:00 AM", 30, 1.0
"7/24/21 2:30:00 AM", 1, 7.14
"7/24/21 2:30:00 AM", 2, 1248.52
"7/24/21 2:30:00 AM", 3, 20.7
"7/24/21 2:30:00 AM", 4, 0
"7/24/21 2:30:00 AM", 5, 18.1
"7/24/21 2:00:00 AM", 30, 1.0
"7/24/21 2:00:00 AM", 1, 7.13
"7/24/21 2:00:00 AM", 2, 1249.15
"7/24/21 2:00:00 AM", 3, 20.7
"7/24/21 2:00:00 AM", 4, 0
"7/24/21 2:00:00 AM", 5, 18.2
"7/24/21 1:30:00 AM", 30, 1.0
"7/24/21 1:30:00 AM", 1, 7.12
"7/24/21 1:30:00 AM", 2, 1243.51
"7/24/21 1:30:00 AM", 3, 20.7
"7/24/21 1:30:00 AM", 4, 0
"7/24/21 1:30:00 AM", 5, 18.1
"7/24/21 1:00:00 AM", 30, 1.0
"7/24/21 1:00:00 AM", 1, 7.11
"7/24/21 1:00:00 AM", 2, 1240.39
"7/24/21 1:00:00 AM", 3, 20.7
"7/24/21 1:00:00 AM", 4, 0
"7/24/21 1:00:00 AM", 5, 18.1
"7/24/21 12:30:00 AM", 30, 1.0
"7/24/21 12:30:00 AM", 1, 7.08
"7/24/21 12:30:00 AM", 2, 1247.26
"7/24/21 12:30:00 AM", 3, 20.7
"7/24/21 12:30:00 AM", 4, 0
"7/24/21 12:30:00 AM", 5, 18.0
"7/24/21 12:00:00 AM", 30, 1.0
"7/24/21 12:00:00 AM", 1, 7.18
"7/24/21 12:00:00 AM", 2, 1255.39
"7/24/21 12:00:00 AM", 3, 20.8
"7/24/21 12:00:00 AM", 4, 0
"7/24/21 12:00:00 AM", 5, 18.1
"7/23/21 11:30:00 PM", 30, 1.0
"7/23/21 11:30:00 PM", 1, 7.19
"7/23/21 11:30:00 PM", 2, 1251.01
"7/23/21 11:30:00 PM", 3, 20.7
"7/23/21 11:30:00 PM", 4, 0
"7/23/21 11:30:00 PM", 5, 18.1
"7/23/21 11:00:00 PM", 30, 1.0
"7/23/21 11:00:00 PM", 1, 7.19
"7/23/21 11:00:00 PM", 2, 1248.52
"7/23/21 11:00:00 PM", 3, 20.8
"7/23/21 11:00:00 PM", 4, 0
"7/23/21 11:00:00 PM", 5, 18.2
"7/23/21 10:30:00 PM", 30, 1.0
"7/23/21 10:30:00 PM", 1, 7.20
"7/23/21 10:30:00 PM", 2, 1255.39
"7/23/21 10:30:00 PM", 3, 20.7
"7/23/21 10:30:00 PM", 4, 0
"7/23/21 10:30:00 PM", 5, 18.2
"7/23/21 10:00:00 PM", 30, 1.0
"7/23/21 10:00:00 PM", 1, 7.22
"7/23/21 10:00:00 PM", 2, 1254.16
"7/23/21 10:00:00 PM", 3, 20.7
"7/23/21 10:00:00 PM", 4, 0
"7/23/21 10:00:00 PM", 5, 18.2
"7/23/21 9:30:00 PM", 30, 1.0
"7/23/21 9:30:00 PM", 1, 7.18
"7/23/21 9:30:00 PM", 2, 1256.65
"7/23/21 9:30:00 PM", 3, 20.7
"7/23/21 9:30:00 PM", 4, 0
"7/23/21 9:30:00 PM", 5, 18.2
"7/23/21 9:00:00 PM", 30, 1.0
"7/23/21 9:00:00 PM", 1, 7.21
"7/23/21 9:00:00 PM", 2, 1256.02
"7/23/21 9:00:00 PM", 3, 20.7
"7/23/21 9:00:00 PM", 4, 0
"7/23/21 9:00:00 PM", 5, 18.2
"7/23/21 8:30:00 PM", 30, 1.0
"7/23/21 8:30:00 PM", 1, 7.22
"7/23/21 8:30:00 PM", 2, 1256.65
"7/23/21 8:30:00 PM", 3, 20.7
"7/23/21 8:30:00 PM", 4, 0
"7/23/21 8:30:00 PM", 5, 18.1
"7/23/21 8:00:00 PM", 30, 1.0
"7/23/21 8:00:00 PM", 1, 7.23
"7/23/21 8:00:00 PM", 2, 1254.76
"7/23/21 8:00:00 PM", 3, 20.6
"7/23/21 8:00:00 PM", 4, 0
"7/23/21 8:00:00 PM", 5, 18.1
"7/23/21 7:30:00 PM", 30, 1.0
"7/23/21 7:30:00 PM", 1, 7.23
"7/23/21 7:30:00 PM", 2, 1251.01
"7/23/21 7:30:00 PM", 3, 20.6
"7/23/21 7:30:00 PM", 4, 0
"7/23/21 7:30:00 PM", 5, 17.8
"7/23/21 7:00:00 PM", 30, 1.0
"7/23/21 7:00:00 PM", 1, 7.25
"7/23/21 7:00:00 PM", 2, 1254.16
"7/23/21 7:00:00 PM", 3, 20.6
"7/23/21 7:00:00 PM", 4, 0
"7/23/21 7:00:00 PM", 5, 17.8
"7/23/21 6:30:00 PM", 30, 1.0
"7/23/21 6:30:00 PM", 1, 7.21
"7/23/21 6:30:00 PM", 2, 1254.76
"7/23/21 6:30:00 PM", 3, 20.7
"7/23/21 6:30:00 PM", 4, 0
"7/23/21 6:30:00 PM", 5, 18.1
"7/23/21 6:00:00 PM", 30, 1.0
"7/23/21 6:00:00 PM", 1, 7.23
"7/23/21 6:00:00 PM", 2, 1256.02
"7/23/21 6:00:00 PM", 3, 20.7
"7/23/21 6:00:00 PM", 4, 0
"7/23/21 6:00:00 PM", 5, 18.2
"7/23/21 5:30:00 PM", 30, 1.0
"7/23/21 5:30:00 PM", 1, 7.20
"7/23/21 5:30:00 PM", 2, 1262.89
"7/23/21 5:30:00 PM", 3, 20.7
"7/23/21 5:30:00 PM", 4, 0
"7/23/21 5:30:00 PM", 5, 18.1
"7/23/21 5:00:00 PM", 30, 1.0
"7/23/21 5:00:00 PM", 1, 7.23
"7/23/21 5:00:00 PM", 2, 1253.53
"7/23/21 5:00:00 PM", 3, 20.6
"7/23/21 5:00:00 PM", 4, 0
"7/23/21 5:00:00 PM", 5, 17.7
"7/23/21 4:30:00 PM", 30, 1.0
"7/23/21 4:30:00 PM", 1, 7.19
"7/23/21 4:30:00 PM", 2, 1227.25
"7/23/21 4:30:00 PM", 3, 20.7
"7/23/21 4:30:00 PM", 4, 0
"7/23/21 4:30:00 PM", 5, 17.8
"7/23/21 4:00:00 PM", 30, 1.0
"7/23/21 4:00:00 PM", 1, 7.17
"7/23/21 4:00:00 PM", 2, 1229.14
"7/23/21 4:00:00 PM", 3, 20.7
"7/23/21 4:00:00 PM", 4, 0
"7/23/21 4:00:00 PM", 5, 18.1
"7/23/21 3:30:00 PM", 30, 1.0
"7/23/21 3:30:00 PM", 1, 7.15
"7/23/21 3:30:00 PM", 2, 1225.39
"7/23/21 3:30:00 PM", 3, 20.7
"7/23/21 3:30:00 PM", 4, 0
"7/23/21 3:30:00 PM", 5, 18.2
"7/23/21 3:00:00 PM", 30, 1.0
"7/23/21 3:00:00 PM", 1, 7.23
"7/23/21 3:00:00 PM", 2, 1238.53
"7/23/21 3:00:00 PM", 3, 20.7
"7/23/21 3:00:00 PM", 4, 0
"7/23/21 3:00:00 PM", 5, 18.1
"7/23/21 2:30:00 PM", 30, 1.0
"7/23/21 2:30:00 PM", 1, 7.23
"7/23/21 2:30:00 PM", 2, 1237.90
"7/23/21 2:30:00 PM", 3, 20.7
"7/23/21 2:30:00 PM", 4, 0
"7/23/21 2:30:00 PM", 5, 17.8
"7/23/21 2:00:00 PM", 30, 1.0
"7/23/21 2:00:00 PM", 1, 7.22
"7/23/21 2:00:00 PM", 2, 1237.90
"7/23/21 2:00:00 PM", 3, 20.7
"7/23/21 2:00:00 PM", 4, 0
"7/23/21 2:00:00 PM", 5, 17.9
"7/23/21 1:30:00 PM", 30, 1.0
"7/23/21 1:30:00 PM", 1, 7.22
"7/23/21 1:30:00 PM", 2, 1241.02
"7/23/21 1:30:00 PM", 3, 20.7
"7/23/21 1:30:00 PM", 4, 0
"7/23/21 1:30:00 PM", 5, 18.2
"7/23/21 1:00:00 PM", 30, 1.0
"7/23/21 1:00:00 PM", 1, 7.22
"7/23/21 1:00:00 PM", 2, 1233.52
"7/23/21 1:00:00 PM", 3, 20.7
"7/23/21 1:00:00 PM", 4, 0
"7/23/21 1:00:00 PM", 5, 18.2
"7/23/21 12:30:00 PM", 30, 1.0
"7/23/21 12:30:00 PM", 1, 7.23
"7/23/21 12:30:00 PM", 2, 1237.27
"7/23/21 12:30:00 PM", 3, 20.7
"7/23/21 12:30:00 PM", 4, 0
"7/23/21 12:30:00 PM", 5, 18.1
"7/23/21 12:00:00 PM", 30, 1.0
"7/23/21 12:00:00 PM", 1, 7.20
"7/23/21 12:00:00 PM", 2, 1237.90
"7/23/21 12:00:00 PM", 3, 20.7
"7/23/21 12:00:00 PM", 4, 0
"7/23/21 12:00:00 PM", 5, 17.8
"7/23/21 11:30:00 AM", 30, 1.0
"7/23/21 11:30:00 AM", 1, 7.22
"7/23/21 11:30:00 AM", 2, 1239.13
"7/23/21 11:30:00 AM", 3, 20.8
"7/23/21 11:30:00 AM", 4, 0
"7/23/21 11:30:00 AM", 5, 18.0
"7/23/21 11:00:00 AM", 30, 1.0
"7/23/21 11:00:00 AM", 1, 7.22
"7/23/21 11:00:00 AM", 2, 1234.78
"7/23/21 11:00:00 AM", 3, 20.8
"7/23/21 11:00:00 AM", 4, 0
"7/23/21 11:00:00 AM", 5, 18.3
"7/23/21 10:30:00 AM", 30, 1.0
"7/23/21 10:30:00 AM", 1, 7.20
"7/23/21 10:30:00 AM", 2, 1238.53
"7/23/21 10:30:00 AM", 3, 20.8
"7/23/21 10:30:00 AM", 4, 0
"7/23/21 10:30:00 AM", 5, 18.2
"7/23/21 10:00:00 AM", 30, 1.0
"7/23/21 10:00:00 AM", 1, 7.14
"7/23/21 10:00:00 AM", 2, 1236.01
"7/23/21 10:00:00 AM", 3, 20.8
"7/23/21 10:00:00 AM", 4, 0
"7/23/21 10:00:00 AM", 5, 18.2
"7/23/21 9:30:00 AM", 30, 1.0
"7/23/21 9:30:00 AM", 1, 7.13
"7/23/21 9:30:00 AM", 2, 1220.38
"7/23/21 9:30:00 AM", 3, 20.8
"7/23/21 9:30:00 AM", 4, 0
"7/23/21 9:30:00 AM", 5, 18.2
"7/23/21 9:00:00 AM", 30, 1.0
"7/23/21 9:00:00 AM", 1, 7.21
"7/23/21 9:00:00 AM", 2, 1247.89
"7/23/21 9:00:00 AM", 3, 20.8
"7/23/21 9:00:00 AM", 4, 0
"7/23/21 9:00:00 AM", 5, 18.3
"7/23/21 8:30:00 AM", 30, 1.0
"7/23/21 8:30:00 AM", 1, 7.20
"7/23/21 8:30:00 AM", 2, 1244.14
"7/23/21 8:30:00 AM", 3, 20.8
"7/23/21 8:30:00 AM", 4, 0
"7/23/21 8:30:00 AM", 5, 18.3
"7/23/21 8:00:00 AM", 30, 1.0
"7/23/21 8:00:00 AM", 1, 7.19
"7/23/21 8:00:00 AM", 2, 1244.77
"7/23/21 8:00:00 AM", 3, 20.8
"7/23/21 8:00:00 AM", 4, 0
"7/23/21 8:00:00 AM", 5, 18.2
"7/23/21 7:30:00 AM", 30, 1.0
"7/23/21 7:30:00 AM", 1, 7.16
"7/23/21 7:30:00 AM", 2, 1246.66
"7/23/21 7:30:00 AM", 3, 20.8
"7/23/21 7:30:00 AM", 4, 0
"7/23/21 7:30:00 AM", 5, 18.2
"7/23/21 7:00:00 AM", 30, 1.0
"7/23/21 7:00:00 AM", 1, 7.17
"7/23/21 7:00:00 AM", 2, 1246.03
"7/23/21 7:00:00 AM", 3, 20.8
"7/23/21 7:00:00 AM", 4, 0
"7/23/21 7:00:00 AM", 5, 18.1
"7/23/21 6:30:00 AM", 30, 1.0
"7/23/21 6:30:00 AM", 1, 7.18
"7/23/21 6:30:00 AM", 2, 1243.51
"7/23/21 6:30:00 AM", 3, 20.8
"7/23/21 6:30:00 AM", 4, 0
"7/23/21 6:30:00 AM", 5, 18.1
"7/23/21 6:00:00 AM", 30, 1.0
"7/23/21 6:00:00 AM", 1, 7.17
"7/23/21 6:00:00 AM", 2, 1246.66
"7/23/21 6:00:00 AM", 3, 20.8
"7/23/21 6:00:00 AM", 4, 0
"7/23/21 6:00:00 AM", 5, 18.2
"7/23/21 5:30:00 AM", 30, 1.0
"7/23/21 5:30:00 AM", 1, 7.17
"7/23/21 5:30:00 AM", 2, 1244.77
"7/23/21 5:30:00 AM", 3, 20.8
"7/23/21 5:30:00 AM", 4, 0
"7/23/21 5:30:00 AM", 5, 18.1
"7/23/21 5:00:00 AM", 30, 1.0
"7/23/21 5:00:00 AM", 1, 7.18
"7/23/21 5:00:00 AM", 2, 1241.65
"7/23/21 5:00:00 AM", 3, 20.8
"7/23/21 5:00:00 AM", 4, 0
"7/23/21 5:00:00 AM", 5, 18.1
"7/23/21 4:30:00 AM", 30, 1.0
"7/23/21 4:30:00 AM", 1, 7.20
"7/23/21 4:30:00 AM", 2, 1244.14
"7/23/21 4:30:00 AM", 3, 20.8
"7/23/21 4:30:00 AM", 4, 0
"7/23/21 4:30:00 AM", 5, 18.2
"7/23/21 4:00:00 AM", 30, 1.0
"7/23/21 4:00:00 AM", 1, 7.18
"7/23/21 4:00:00 AM", 2, 1237.27
"7/23/21 4:00:00 AM", 3, 20.8
"7/23/21 4:00:00 AM", 4, 0
"7/23/21 4:00:00 AM", 5, 18.2
"7/23/21 3:30:00 AM", 30, 1.0
"7/23/21 3:30:00 AM", 1, 7.20
"7/23/21 3:30:00 AM", 2, 1244.14
"7/23/21 3:30:00 AM", 3, 20.8
"7/23/21 3:30:00 AM", 4, 0
"7/23/21 3:30:00 AM", 5, 18.1
"7/23/21 3:00:00 AM", 30, 1.0
"7/23/21 3:00:00 AM", 1, 7.18
"7/23/21 3:00:00 AM", 2, 1247.26
"7/23/21 3:00:00 AM", 3, 20.8
"7/23/21 3:00:00 AM", 4, 0
"7/23/21 3:00:00 AM", 5, 18.1
"7/23/21 2:30:00 AM", 30, 1.0
"7/23/21 2:30:00 AM", 1, 7.19
"7/23/21 2:30:00 AM", 2, 1247.26
"7/23/21 2:30:00 AM", 3, 20.8
"7/23/21 2:30:00 AM", 4, 0
"7/23/21 2:30:00 AM", 5, 18.2
"7/23/21 2:00:00 AM", 30, 1.0
"7/23/21 2:00:00 AM", 1, 7.19
"7/23/21 2:00:00 AM", 2, 1246.03
"7/23/21 2:00:00 AM", 3, 20.8
"7/23/21 2:00:00 AM", 4, 0
"7/23/21 2:00:00 AM", 5, 18.2
"7/23/21 1:30:00 AM", 30, 1.0
"7/23/21 1:30:00 AM", 1, 7.18
"7/23/21 1:30:00 AM", 2, 1247.26
"7/23/21 1:30:00 AM", 3, 20.8
"7/23/21 1:30:00 AM", 4, 0
"7/23/21 1:30:00 AM", 5, 18.1
"7/23/21 1:00:00 AM", 30, 1.0
"7/23/21 1:00:00 AM", 1, 7.18
"7/23/21 1:00:00 AM", 2, 1244.14
"7/23/21 1:00:00 AM", 3, 20.8
"7/23/21 1:00:00 AM", 4, 0
"7/23/21 1:00:00 AM", 5, 18.1
"7/23/21 12:30:00 AM", 30, 1.0
"7/23/21 12:30:00 AM", 1, 7.12
"7/23/21 12:30:00 AM", 2, 1238.53
"7/23/21 12:30:00 AM", 3, 20.8
"7/23/21 12:30:00 AM", 4, 0
"7/23/21 12:30:00 AM", 5, 18.1
"7/23/21 12:00:00 AM", 30, 1.0
"7/23/21 12:00:00 AM", 1, 7.23
"7/23/21 12:00:00 AM", 2, 1253.53
"7/23/21 12:00:00 AM", 3, 20.8
"7/23/21 12:00:00 AM", 4, 0
"7/23/21 12:00:00 AM", 5, 18.2
"7/22/21 11:30:00 PM", 30, 1.0
"7/22/21 11:30:00 PM", 1, 7.22
"7/22/21 11:30:00 PM", 2, 1248.52
"7/22/21 11:30:00 PM", 3, 20.8
"7/22/21 11:30:00 PM", 4, 0
"7/22/21 11:30:00 PM", 5, 18.2
"7/22/21 11:00:00 PM", 30, 1.0
"7/22/21 11:00:00 PM", 1, 7.23
"7/22/21 11:00:00 PM", 2, 1252.90
"7/22/21 11:00:00 PM", 3, 20.8
"7/22/21 11:00:00 PM", 4, 0
"7/22/21 11:00:00 PM", 5, 18.2
"7/22/21 10:30:00 PM", 30, 1.0
"7/22/21 10:30:00 PM", 1, 7.25
"7/22/21 10:30:00 PM", 2, 1249.15
"7/22/21 10:30:00 PM", 3, 20.8
"7/22/21 10:30:00 PM", 4, 0
"7/22/21 10:30:00 PM", 5, 18.2
"7/22/21 10:00:00 PM", 30, 1.0
"7/22/21 10:00:00 PM", 1, 7.25
"7/22/21 10:00:00 PM", 2, 1250.41
"7/22/21 10:00:00 PM", 3, 20.8
"7/22/21 10:00:00 PM", 4, 0
"7/22/21 10:00:00 PM", 5, 18.2
"7/22/21 9:30:00 PM", 30, 1.0
"7/22/21 9:30:00 PM", 1, 7.24
"7/22/21 9:30:00 PM", 2, 1254.76
"7/22/21 9:30:00 PM", 3, 20.8
"7/22/21 9:30:00 PM", 4, 0
"7/22/21 9:30:00 PM", 5, 18.2
"7/22/21 9:00:00 PM", 30, 1.0
"7/22/21 9:00:00 PM", 1, 7.27
"7/22/21 9:00:00 PM", 2, 1247.26
"7/22/21 9:00:00 PM", 3, 20.8
"7/22/21 9:00:00 PM", 4, 0
"7/22/21 9:00:00 PM", 5, 18.2
"7/22/21 8:30:00 PM", 30, 1.0
"7/22/21 8:30:00 PM", 1, 7.26
"7/22/21 8:30:00 PM", 2, 1247.89
"7/22/21 8:30:00 PM", 3, 20.8
"7/22/21 8:30:00 PM", 4, 0
"7/22/21 8:30:00 PM", 5, 18.2
"7/22/21 8:00:00 PM", 30, 1.0
"7/22/21 8:00:00 PM", 1, 7.27
"7/22/21 8:00:00 PM", 2, 1254.16
"7/22/21 8:00:00 PM", 3, 20.8
"7/22/21 8:00:00 PM", 4, 0
"7/22/21 8:00:00 PM", 5, 18.1
"7/22/21 7:30:00 PM", 30, 1.0
"7/22/21 7:30:00 PM", 1, 7.25
"7/22/21 7:30:00 PM", 2, 1254.16
"7/22/21 7:30:00 PM", 3, 20.8
"7/22/21 7:30:00 PM", 4, 0
"7/22/21 7:30:00 PM", 5, 18.2
"7/22/21 7:00:00 PM", 30, 1.0
"7/22/21 7:00:00 PM", 1, 7.27
"7/22/21 7:00:00 PM", 2, 1250.41
"7/22/21 7:00:00 PM", 3, 20.7
"7/22/21 7:00:00 PM", 4, 0
"7/22/21 7:00:00 PM", 5, 18.1
"7/22/21 6:30:00 PM", 30, 1.0
"7/22/21 6:30:00 PM", 1, 7.25
"7/22/21 6:30:00 PM", 2, 1254.76
"7/22/21 6:30:00 PM", 3, 20.7
"7/22/21 6:30:00 PM", 4, 0
"7/22/21 6:30:00 PM", 5, 18.0
"7/22/21 6:00:00 PM", 30, 1.0
"7/22/21 6:00:00 PM", 1, 7.26
"7/22/21 6:00:00 PM", 2, 1254.76
"7/22/21 6:00:00 PM", 3, 20.8
"7/22/21 6:00:00 PM", 4, 0
"7/22/21 6:00:00 PM", 5, 17.9
"7/22/21 5:30:00 PM", 30, 1.0
"7/22/21 5:30:00 PM", 1, 7.27
"7/22/21 5:30:00 PM", 2, 1252.27
"7/22/21 5:30:00 PM", 3, 20.8
"7/22/21 5:30:00 PM", 4, 0
"7/22/21 5:30:00 PM", 5, 18.0
"7/22/21 5:00:00 PM", 30, 1.0
"7/22/21 5:00:00 PM", 1, 7.26
"7/22/21 5:00:00 PM", 2, 1252.27
"7/22/21 5:00:00 PM", 3, 20.8
"7/22/21 5:00:00 PM", 4, 0
"7/22/21 5:00:00 PM", 5, 18.2
"7/22/21 4:30:00 PM", 30, 1.0
"7/22/21 4:30:00 PM", 1, 7.24
"7/22/21 4:30:00 PM", 2, 1250.41
"7/22/21 4:30:00 PM", 3, 20.8
"7/22/21 4:30:00 PM", 4, 0
"7/22/21 4:30:00 PM", 5, 18.2
"7/22/21 4:00:00 PM", 30, 1.0
"7/22/21 4:00:00 PM", 1, 7.23
"7/22/21 4:00:00 PM", 2, 1252.90
"7/22/21 4:00:00 PM", 3, 20.8
"7/22/21 4:00:00 PM", 4, 0
"7/22/21 4:00:00 PM", 5, 18.1
"7/22/21 3:30:00 PM", 30, 1.0
"7/22/21 3:30:00 PM", 1, 7.20
"7/22/21 3:30:00 PM", 2, 1254.76
"7/22/21 3:30:00 PM", 3, 20.8
"7/22/21 3:30:00 PM", 4, 0
"7/22/21 3:30:00 PM", 5, 17.9
"7/22/21 3:00:00 PM", 30, 1.0
"7/22/21 3:00:00 PM", 1, 7.27
"7/22/21 3:00:00 PM", 2, 1260.40
"7/22/21 3:00:00 PM", 3, 20.9
"7/22/21 3:00:00 PM", 4, 0
"7/22/21 3:00:00 PM", 5, 18.1
"7/22/21 2:30:00 PM", 30, 1.0
"7/22/21 2:30:00 PM", 1, 7.26
"7/22/21 2:30:00 PM", 2, 1262.29
"7/22/21 2:30:00 PM", 3, 20.9
"7/22/21 2:30:00 PM", 4, 0
"7/22/21 2:30:00 PM", 5, 18.4
"7/22/21 2:00:00 PM", 30, 1.0
"7/22/21 2:00:00 PM", 1, 7.26
"7/22/21 2:00:00 PM", 2, 1262.89
"7/22/21 2:00:00 PM", 3, 20.9
"7/22/21 2:00:00 PM", 4, 0
"7/22/21 2:00:00 PM", 5, 18.3
"7/22/21 1:30:00 PM", 30, 1.0
"7/22/21 1:30:00 PM", 1, 7.27
"7/22/21 1:30:00 PM", 2, 1265.41
"7/22/21 1:30:00 PM", 3, 20.8
"7/22/21 1:30:00 PM", 4, 0
"7/22/21 1:30:00 PM", 5, 18.3
"7/22/21 1:00:00 PM", 30, 1.0
"7/22/21 1:00:00 PM", 1, 7.28
"7/22/21 1:00:00 PM", 2, 1269.79
"7/22/21 1:00:00 PM", 3, 20.9
"7/22/21 1:00:00 PM", 4, 0
"7/22/21 1:00:00 PM", 5, 18.0
"7/22/21 12:30:00 PM", 30, 1.0
"7/22/21 12:30:00 PM", 1, 7.28
"7/22/21 12:30:00 PM", 2, 1237.27
"7/22/21 12:30:00 PM", 3, 20.9
"7/22/21 12:30:00 PM", 4, 0
"7/22/21 12:30:00 PM", 5, 18.1
"7/22/21 12:00:00 PM", 30, 1.0
"7/22/21 12:00:00 PM", 1, 7.27
"7/22/21 12:00:00 PM", 2, 1231.03
"7/22/21 12:00:00 PM", 3, 20.9
"7/22/21 12:00:00 PM", 4, 0
"7/22/21 12:00:00 PM", 5, 18.4
"7/22/21 11:30:00 AM", 30, 1.0
"7/22/21 11:30:00 AM", 1, 7.28
"7/22/21 11:30:00 AM", 2, 1232.26
"7/22/21 11:30:00 AM", 3, 20.9
"7/22/21 11:30:00 AM", 4, 0
"7/22/21 11:30:00 AM", 5, 18.5
"7/22/21 11:00:00 AM", 30, 1.0
"7/22/21 11:00:00 AM", 1, 7.27
"7/22/21 11:00:00 AM", 2, 1233.52
"7/22/21 11:00:00 AM", 3, 20.9
"7/22/21 11:00:00 AM", 4, 0
"7/22/21 11:00:00 AM", 5, 18.3
"7/22/21 10:30:00 AM", 30, 1.0
"7/22/21 10:30:00 AM", 1, 7.26
"7/22/21 10:30:00 AM", 2, 1234.78
"7/22/21 10:30:00 AM", 3, 20.9
"7/22/21 10:30:00 AM", 4, 0
"7/22/21 10:30:00 AM", 5, 18.3
"7/22/21 10:00:00 AM", 30, 1.0
"7/22/21 10:00:00 AM", 1, 7.24
"7/22/21 10:00:00 AM", 2, 1231.63
"7/22/21 10:00:00 AM", 3, 20.9
"7/22/21 10:00:00 AM", 4, 0
"7/22/21 10:00:00 AM", 5, 18.3
"7/22/21 9:30:00 AM", 30, 1.0
"7/22/21 9:30:00 AM", 1, 7.21
"7/22/21 9:30:00 AM", 2, 1227.25
"7/22/21 9:30:00 AM", 3, 20.9
"7/22/21 9:30:00 AM", 4, 0
"7/22/21 9:30:00 AM", 5, 18.4
"7/22/21 9:00:00 AM", 30, 1.0
"7/22/21 9:00:00 AM", 1, 7.27
"7/22/21 9:00:00 AM", 2, 1239.76
"7/22/21 9:00:00 AM", 3, 20.9
"7/22/21 9:00:00 AM", 4, 0
"7/22/21 9:00:00 AM", 5, 18.4
"7/22/21 8:30:00 AM", 30, 1.0
"7/22/21 8:30:00 AM", 1, 7.27
"7/22/21 8:30:00 AM", 2, 1232.89
"7/22/21 8:30:00 AM", 3, 20.9
"7/22/21 8:30:00 AM", 4, 0
"7/22/21 8:30:00 AM", 5, 18.4
"7/22/21 8:00:00 AM", 30, 1.0
"7/22/21 8:00:00 AM", 1, 7.26
"7/22/21 8:00:00 AM", 2, 1244.77
"7/22/21 8:00:00 AM", 3, 20.9
"7/22/21 8:00:00 AM", 4, 0
"7/22/21 8:00:00 AM", 5, 18.2
"7/22/21 7:30:00 AM", 30, 1.0
"7/22/21 7:30:00 AM", 1, 7.26
"7/22/21 7:30:00 AM", 2, 1242.28
"7/22/21 7:30:00 AM", 3, 20.9
"7/22/21 7:30:00 AM", 4, 0
"7/22/21 7:30:00 AM", 5, 18.2
"7/22/21 7:00:00 AM", 30, 1.0
"7/22/21 7:00:00 AM", 1, 7.28
"7/22/21 7:00:00 AM", 2, 1245.40
"7/22/21 7:00:00 AM", 3, 20.9
"7/22/21 7:00:00 AM", 4, 0
"7/22/21 7:00:00 AM", 5, 18.3
"7/22/21 6:30:00 AM", 30, 1.0
"7/22/21 6:30:00 AM", 1, 7.29
"7/22/21 6:30:00 AM", 2, 1244.77
"7/22/21 6:30:00 AM", 3, 20.9
"7/22/21 6:30:00 AM", 4, 0
"7/22/21 6:30:00 AM", 5, 18.3
"7/22/21 6:00:00 AM", 30, 1.0
"7/22/21 6:00:00 AM", 1, 7.27
"7/22/21 6:00:00 AM", 2, 1242.88
"7/22/21 6:00:00 AM", 3, 20.9
"7/22/21 6:00:00 AM", 4, 0
"7/22/21 6:00:00 AM", 5, 18.2
"7/22/21 5:30:00 AM", 30, 1.0
"7/22/21 5:30:00 AM", 1, 7.28
"7/22/21 5:30:00 AM", 2, 1242.88
"7/22/21 5:30:00 AM", 3, 20.9
"7/22/21 5:30:00 AM", 4, 0
"7/22/21 5:30:00 AM", 5, 18.2
"7/22/21 5:00:00 AM", 30, 1.0
"7/22/21 5:00:00 AM", 1, 7.31
"7/22/21 5:00:00 AM", 2, 1239.76
"7/22/21 5:00:00 AM", 3, 21.0
"7/22/21 5:00:00 AM", 4, 0
"7/22/21 5:00:00 AM", 5, 18.3
"7/22/21 4:30:00 AM", 30, 1.0
"7/22/21 4:30:00 AM", 1, 7.31
"7/22/21 4:30:00 AM", 2, 1238.53
"7/22/21 4:30:00 AM", 3, 21.0
"7/22/21 4:30:00 AM", 4, 0
"7/22/21 4:30:00 AM", 5, 18.3
"7/22/21 4:00:00 AM", 30, 1.0
"7/22/21 4:00:00 AM", 1, 7.30
"7/22/21 4:00:00 AM", 2, 1241.65
"7/22/21 4:00:00 AM", 3, 21.0
"7/22/21 4:00:00 AM", 4, 0
"7/22/21 4:00:00 AM", 5, 18.4
"7/22/21 3:30:00 AM", 30, 1.0
"7/22/21 3:30:00 AM", 1, 7.29
"7/22/21 3:30:00 AM", 2, 1241.02
"7/22/21 3:30:00 AM", 3, 20.9
"7/22/21 3:30:00 AM", 4, 0
"7/22/21 3:30:00 AM", 5, 18.3
"7/22/21 3:00:00 AM", 30, 1.0
"7/22/21 3:00:00 AM", 1, 7.29
"7/22/21 3:00:00 AM", 2, 1242.88
"7/22/21 3:00:00 AM", 3, 21.0
"7/22/21 3:00:00 AM", 4, 0
"7/22/21 3:00:00 AM", 5, 18.3
"7/22/21 2:30:00 AM", 30, 1.0
"7/22/21 2:30:00 AM", 1, 7.29
"7/22/21 2:30:00 AM", 2, 1239.13
"7/22/21 2:30:00 AM", 3, 20.9
"7/22/21 2:30:00 AM", 4, 0
"7/22/21 2:30:00 AM", 5, 18.3
"7/22/21 2:00:00 AM", 30, 1.0
"7/22/21 2:00:00 AM", 1, 7.30
"7/22/21 2:00:00 AM", 2, 1237.90
"7/22/21 2:00:00 AM", 3, 21.0
"7/22/21 2:00:00 AM", 4, 0
"7/22/21 2:00:00 AM", 5, 18.4
"7/22/21 1:30:00 AM", 30, 1.0
"7/22/21 1:30:00 AM", 1, 7.29
"7/22/21 1:30:00 AM", 2, 1242.28
"7/22/21 1:30:00 AM", 3, 21.0
"7/22/21 1:30:00 AM", 4, 0
"7/22/21 1:30:00 AM", 5, 18.3
"7/22/21 1:00:00 AM", 30, 1.0
"7/22/21 1:00:00 AM", 1, 7.29
"7/22/21 1:00:00 AM", 2, 1238.53
"7/22/21 1:00:00 AM", 3, 20.9
"7/22/21 1:00:00 AM", 4, 0
"7/22/21 1:00:00 AM", 5, 18.4
"7/22/21 12:30:00 AM", 30, 1.0
"7/22/21 12:30:00 AM", 1, 7.26
"7/22/21 12:30:00 AM", 2, 1242.88
"7/22/21 12:30:00 AM", 3, 20.9
"7/22/21 12:30:00 AM", 4, 0
"7/22/21 12:30:00 AM", 5, 18.3
"7/22/21 12:00:00 AM", 30, 1.0
"7/22/21 12:00:00 AM", 1, 7.32
"7/22/21 12:00:00 AM", 2, 1250.41
"7/22/21 12:00:00 AM", 3, 21.0
"7/22/21 12:00:00 AM", 4, 0
"7/22/21 12:00:00 AM", 5, 18.5
"7/21/21 11:30:00 PM", 30, 1.0
"7/21/21 11:30:00 PM", 1, 7.33
"7/21/21 11:30:00 PM", 2, 1251.64
"7/21/21 11:30:00 PM", 3, 21.0
"7/21/21 11:30:00 PM", 4, 0
"7/21/21 11:30:00 PM", 5, 18.3
"7/21/21 11:00:00 PM", 30, 1.0
"7/21/21 11:00:00 PM", 1, 7.34
"7/21/21 11:00:00 PM", 2, 1247.89
"7/21/21 11:00:00 PM", 3, 21.0
"7/21/21 11:00:00 PM", 4, 0
"7/21/21 11:00:00 PM", 5, 18.3
"7/21/21 10:30:00 PM", 30, 1.0
"7/21/21 10:30:00 PM", 1, 7.34
"7/21/21 10:30:00 PM", 2, 1252.90
"7/21/21 10:30:00 PM", 3, 21.0
"7/21/21 10:30:00 PM", 4, 0
"7/21/21 10:30:00 PM", 5, 18.4
"7/21/21 10:00:00 PM", 30, 1.0
"7/21/21 10:00:00 PM", 1, 7.35
"7/21/21 10:00:00 PM", 2, 1244.14
"7/21/21 10:00:00 PM", 3, 21.0
"7/21/21 10:00:00 PM", 4, 0
"7/21/21 10:00:00 PM", 5, 18.4
"7/21/21 9:30:00 PM", 30, 1.0
"7/21/21 9:30:00 PM", 1, 7.36
"7/21/21 9:30:00 PM", 2, 1235.38
"7/21/21 9:30:00 PM", 3, 21.0
"7/21/21 9:30:00 PM", 4, 0
"7/21/21 9:30:00 PM", 5, 18.5
"7/21/21 9:00:00 PM", 30, 1.0
"7/21/21 9:00:00 PM", 1, 7.36
"7/21/21 9:00:00 PM", 2, 1250.41
"7/21/21 9:00:00 PM", 3, 21.0
"7/21/21 9:00:00 PM", 4, 0
"7/21/21 9:00:00 PM", 5, 18.5
"7/21/21 8:30:00 PM", 30, 1.0
"7/21/21 8:30:00 PM", 1, 7.37
"7/21/21 8:30:00 PM", 2, 1242.88
"7/21/21 8:30:00 PM", 3, 20.9
"7/21/21 8:30:00 PM", 4, 0
"7/21/21 8:30:00 PM", 5, 18.4
"7/21/21 8:00:00 PM", 30, 1.0
"7/21/21 8:00:00 PM", 1, 7.38
"7/21/21 8:00:00 PM", 2, 1250.41
"7/21/21 8:00:00 PM", 3, 20.9
"7/21/21 8:00:00 PM", 4, 0
"7/21/21 8:00:00 PM", 5, 18.4
"7/21/21 7:30:00 PM", 30, 1.0
"7/21/21 7:30:00 PM", 1, 7.37
"7/21/21 7:30:00 PM", 2, 1247.89
"7/21/21 7:30:00 PM", 3, 21.0
"7/21/21 7:30:00 PM", 4, 0
"7/21/21 7:30:00 PM", 5, 18.6
"7/21/21 7:00:00 PM", 30, 1.0
"7/21/21 7:00:00 PM", 1, 7.35
"7/21/21 7:00:00 PM", 2, 1247.89
"7/21/21 7:00:00 PM", 3, 21.0
"7/21/21 7:00:00 PM", 4, 0
"7/21/21 7:00:00 PM", 5, 18.4
"7/21/21 6:30:00 PM", 30, 1.0
"7/21/21 6:30:00 PM", 1, 7.38
"7/21/21 6:30:00 PM", 2, 1244.77
"7/21/21 6:30:00 PM", 3, 20.9
"7/21/21 6:30:00 PM", 4, 0
"7/21/21 6:30:00 PM", 5, 18.3
"7/21/21 6:00:00 PM", 30, 1.0
"7/21/21 6:00:00 PM", 1, 7.39
"7/21/21 6:00:00 PM", 2, 1234.15
"7/21/21 6:00:00 PM", 3, 21.0
"7/21/21 6:00:00 PM", 4, 0
"7/21/21 6:00:00 PM", 5, 18.3
"7/21/21 5:30:00 PM", 30, 1.0
"7/21/21 5:30:00 PM", 1, 7.36
"7/21/21 5:30:00 PM", 2, 1241.02
"7/21/21 5:30:00 PM", 3, 21.0
"7/21/21 5:30:00 PM", 4, 0
"7/21/21 5:30:00 PM", 5, 18.4
"7/21/21 5:00:00 PM", 30, 1.0
"7/21/21 5:00:00 PM", 1, 7.37
"7/21/21 5:00:00 PM", 2, 1244.77
"7/21/21 5:00:00 PM", 3, 21.0
"7/21/21 5:00:00 PM", 4, 0
"7/21/21 5:00:00 PM", 5, 18.5
"7/21/21 4:30:00 PM", 30, 1.0
"7/21/21 4:30:00 PM", 1, 7.37
"7/21/21 4:30:00 PM", 2, 1247.89
"7/21/21 4:30:00 PM", 3, 20.9
"7/21/21 4:30:00 PM", 4, 0
"7/21/21 4:30:00 PM", 5, 18.3
"7/21/21 4:00:00 PM", 30, 1.0
"7/21/21 4:00:00 PM", 1, 7.36
"7/21/21 4:00:00 PM", 2, 1249.15
"7/21/21 4:00:00 PM", 3, 20.9
"7/21/21 4:00:00 PM", 4, 0
"7/21/21 4:00:00 PM", 5, 18.3
"7/21/21 3:30:00 PM", 30, 1.0
"7/21/21 3:30:00 PM", 1, 7.32
"7/21/21 3:30:00 PM", 2, 1247.89
"7/21/21 3:30:00 PM", 3, 21.0
"7/21/21 3:30:00 PM", 4, 0
"7/21/21 3:30:00 PM", 5, 18.5
"7/21/21 3:00:00 PM", 30, 1.0
"7/21/21 3:00:00 PM", 1, 7.34
"7/21/21 3:00:00 PM", 2, 1257.91
"7/21/21 3:00:00 PM", 3, 21.0
"7/21/21 3:00:00 PM", 4, 0
"7/21/21 3:00:00 PM", 5, 18.6
"7/21/21 2:30:00 PM", 30, 1.0
"7/21/21 2:30:00 PM", 1, 7.31
"7/21/21 2:30:00 PM", 2, 1254.16
"7/21/21 2:30:00 PM", 3, 21.0
"7/21/21 2:30:00 PM", 4, 0
"7/21/21 2:30:00 PM", 5, 18.5
"7/21/21 2:00:00 PM", 30, 1.0
"7/21/21 2:00:00 PM", 1, 7.07
"7/21/21 2:00:00 PM", 2, 1256.02
"7/21/21 2:00:00 PM", 3, 21.0
"7/21/21 2:00:00 PM", 4, 0
"7/21/21 2:00:00 PM", 5, 18.6
"7/21/21 1:30:00 PM", 30, 1.0
"7/21/21 1:30:00 PM", 1, 7.65
"7/21/21 1:30:00 PM", 2, 1257.28
"7/21/21 1:30:00 PM", 3, 21.0
"7/21/21 1:30:00 PM", 4, 0
"7/21/21 1:30:00 PM", 5, 18.4
"7/21/21 1:00:00 PM", 30, 1.0
"7/21/21 1:00:00 PM", 1, 7.66
"7/21/21 1:00:00 PM", 2, 1258.54
"7/21/21 1:00:00 PM", 3, 21.0
"7/21/21 1:00:00 PM", 4, 0
"7/21/21 1:00:00 PM", 5, 18.5
"7/21/21 12:30:00 PM", 30, 1.0
"7/21/21 12:30:00 PM", 1, 7.67
"7/21/21 12:30:00 PM", 2, 1256.02
"7/21/21 12:30:00 PM", 3, 21.0
"7/21/21 12:30:00 PM", 4, 0
"7/21/21 12:30:00 PM", 5, 18.4
"7/21/21 12:00:00 PM", 30, 1.0
"7/21/21 12:00:00 PM", 1, 7.66
"7/21/21 12:00:00 PM", 2, 1259.14
"7/21/21 12:00:00 PM", 3, 21.0
"7/21/21 12:00:00 PM", 4, 0
"7/21/21 12:00:00 PM", 5, 18.3
"7/21/21 11:30:00 AM", 30, 1.0
"7/21/21 11:30:00 AM", 1, 7.67
"7/21/21 11:30:00 AM", 2, 1261.03
"7/21/21 11:30:00 AM", 3, 21.0
"7/21/21 11:30:00 AM", 4, 0
"7/21/21 11:30:00 AM", 5, 18.4
"7/21/21 11:00:00 AM", 30, 1.0
"7/21/21 11:00:00 AM", 1, 7.64
"7/21/21 11:00:00 AM", 2, 1259.14
"7/21/21 11:00:00 AM", 3, 21.0
"7/21/21 11:00:00 AM", 4, 0
"7/21/21 11:00:00 AM", 5, 18.4
"7/21/21 10:30:00 AM", 30, 1.0
"7/21/21 10:30:00 AM", 1, 7.57
"7/21/21 10:30:00 AM", 2, 1253.53
"7/21/21 10:30:00 AM", 3, 21.0
"7/21/21 10:30:00 AM", 4, 0
"7/21/21 10:30:00 AM", 5, 18.6
"7/21/21 10:00:00 AM", 30, 1.0
"7/21/21 10:00:00 AM", 1, 7.62
"7/21/21 10:00:00 AM", 2, 1284.16
"7/21/21 10:00:00 AM", 3, 21.0
"7/21/21 10:00:00 AM", 4, 0
"7/21/21 10:00:00 AM", 5, 18.5
"7/21/21 9:30:00 AM", 30, 1.0
"7/21/21 9:30:00 AM", 1, 7.55
"7/21/21 9:30:00 AM", 2, 1241.02
"7/21/21 9:30:00 AM", 3, 20.9
"7/21/21 9:30:00 AM", 4, 0
"7/21/21 9:30:00 AM", 5, 18.4
"7/21/21 9:00:00 AM", 30, 1.0
"7/21/21 9:00:00 AM", 1, 7.64
"7/21/21 9:00:00 AM", 2, 1231.03
"7/21/21 9:00:00 AM", 3, 21.0
"7/21/21 9:00:00 AM", 4, 0
"7/21/21 9:00:00 AM", 5, 18.4
"7/21/21 8:30:00 AM", 30, 1.0
"7/21/21 8:30:00 AM", 1, 7.67
"7/21/21 8:30:00 AM", 2, 1231.03
"7/21/21 8:30:00 AM", 3, 21.0
"7/21/21 8:30:00 AM", 4, 0
"7/21/21 8:30:00 AM", 5, 18.5
"7/21/21 8:00:00 AM", 30, 1.0
"7/21/21 8:00:00 AM", 1, 7.65
"7/21/21 8:00:00 AM", 2, 1231.63
"7/21/21 8:00:00 AM", 3, 21.0
"7/21/21 8:00:00 AM", 4, 0
"7/21/21 8:00:00 AM", 5, 18.5
"7/21/21 7:30:00 AM", 30, 1.0
"7/21/21 7:30:00 AM", 1, 7.66
"7/21/21 7:30:00 AM", 2, 1230.40
"7/21/21 7:30:00 AM", 3, 21.0
"7/21/21 7:30:00 AM", 4, 0
"7/21/21 7:30:00 AM", 5, 18.3
"7/21/21 7:00:00 AM", 30, 1.0
"7/21/21 7:00:00 AM", 1, 7.65
"7/21/21 7:00:00 AM", 2, 1236.01
"7/21/21 7:00:00 AM", 3, 21.0
"7/21/21 7:00:00 AM", 4, 0
"7/21/21 7:00:00 AM", 5, 18.3
"7/21/21 6:30:00 AM", 30, 1.0
"7/21/21 6:30:00 AM", 1, 7.64
"7/21/21 6:30:00 AM", 2, 1229.14
"7/21/21 6:30:00 AM", 3, 21.0
"7/21/21 6:30:00 AM", 4, 0
"7/21/21 6:30:00 AM", 5, 18.4
"7/21/21 6:00:00 AM", 30, 1.0
"7/21/21 6:00:00 AM", 1, 7.65
"7/21/21 6:00:00 AM", 2, 1216.63
"7/21/21 6:00:00 AM", 3, 21.0
"7/21/21 6:00:00 AM", 4, 0
"7/21/21 6:00:00 AM", 5, 18.4
"7/21/21 5:30:00 AM", 30, 1.0
"7/21/21 5:30:00 AM", 1, 7.67
"7/21/21 5:30:00 AM", 2, 1223.50
"7/21/21 5:30:00 AM", 3, 21.0
"7/21/21 5:30:00 AM", 4, 0
"7/21/21 5:30:00 AM", 5, 18.3
"7/21/21 5:00:00 AM", 30, 1.0
"7/21/21 5:00:00 AM", 1, 7.65
"7/21/21 5:00:00 AM", 2, 1231.63
"7/21/21 5:00:00 AM", 3, 21.0
"7/21/21 5:00:00 AM", 4, 0
"7/21/21 5:00:00 AM", 5, 18.4
"7/21/21 4:30:00 AM", 30, 1.0
"7/21/21 4:30:00 AM", 1, 7.64
"7/21/21 4:30:00 AM", 2, 1230.40
"7/21/21 4:30:00 AM", 3, 21.0
"7/21/21 4:30:00 AM", 4, 0
"7/21/21 4:30:00 AM", 5, 18.4
"7/21/21 4:00:00 AM", 30, 1.0
"7/21/21 4:00:00 AM", 1, 7.63
"7/21/21 4:00:00 AM", 2, 1227.88
"7/21/21 4:00:00 AM", 3, 21.0
"7/21/21 4:00:00 AM", 4, 0
"7/21/21 4:00:00 AM", 5, 18.4
"7/21/21 3:30:00 AM", 30, 1.0
"7/21/21 3:30:00 AM", 1, 7.66
"7/21/21 3:30:00 AM", 2, 1232.26
"7/21/21 3:30:00 AM", 3, 21.0
"7/21/21 3:30:00 AM", 4, 0
"7/21/21 3:30:00 AM", 5, 18.3
"7/21/21 3:00:00 AM", 30, 1.0
"7/21/21 3:00:00 AM", 1, 7.66
"7/21/21 3:00:00 AM", 2, 1228.51
"7/21/21 3:00:00 AM", 3, 21.0
"7/21/21 3:00:00 AM", 4, 0
"7/21/21 3:00:00 AM", 5, 18.3
"7/21/21 2:30:00 AM", 30, 1.0
"7/21/21 2:30:00 AM", 1, 7.65
"7/21/21 2:30:00 AM", 2, 1231.03
"7/21/21 2:30:00 AM", 3, 21.0
"7/21/21 2:30:00 AM", 4, 0
"7/21/21 2:30:00 AM", 5, 18.4
"7/21/21 2:00:00 AM", 30, 1.0
"7/21/21 2:00:00 AM", 1, 7.65
"7/21/21 2:00:00 AM", 2, 1227.25
"7/21/21 2:00:00 AM", 3, 21.0
"7/21/21 2:00:00 AM", 4, 0
"7/21/21 2:00:00 AM", 5, 18.4
"7/21/21 1:30:00 AM", 30, 1.0
"7/21/21 1:30:00 AM", 1, 7.62
"7/21/21 1:30:00 AM", 2, 1232.26
"7/21/21 1:30:00 AM", 3, 21.0
"7/21/21 1:30:00 AM", 4, 0
"7/21/21 1:30:00 AM", 5, 18.4
"7/21/21 1:00:00 AM", 30, 1.0
"7/21/21 1:00:00 AM", 1, 7.62
"7/21/21 1:00:00 AM", 2, 1226.02
"7/21/21 1:00:00 AM", 3, 21.0
"7/21/21 1:00:00 AM", 4, 0
"7/21/21 1:00:00 AM", 5, 18.4
"7/21/21 12:30:00 AM", 30, 1.0
"7/21/21 12:30:00 AM", 1, 7.56
"7/21/21 12:30:00 AM", 2, 1226.65
"7/21/21 12:30:00 AM", 3, 21.0
"7/21/21 12:30:00 AM", 4, 0
"7/21/21 12:30:00 AM", 5, 18.5
"7/21/21 12:00:00 AM", 30, 1.0
"7/21/21 12:00:00 AM", 1, 7.65
"7/21/21 12:00:00 AM", 2, 1238.53
"7/21/21 12:00:00 AM", 3, 21.1
"7/21/21 12:00:00 AM", 4, 0
"7/21/21 12:00:00 AM", 5, 18.5
"7/20/21 11:30:00 PM", 30, 1.0
"7/20/21 11:30:00 PM", 1, 7.68
"7/20/21 11:30:00 PM", 2, 1238.53
"7/20/21 11:30:00 PM", 3, 21.1
"7/20/21 11:30:00 PM", 4, 0
"7/20/21 11:30:00 PM", 5, 18.4
"7/20/21 11:00:00 PM", 30, 1.0
"7/20/21 11:00:00 PM", 1, 7.67
"7/20/21 11:00:00 PM", 2, 1238.53
"7/20/21 11:00:00 PM", 3, 21.1
"7/20/21 11:00:00 PM", 4, 0
"7/20/21 11:00:00 PM", 5, 18.5
"7/20/21 10:30:00 PM", 30, 1.0
"7/20/21 10:30:00 PM", 1, 7.63
"7/20/21 10:30:00 PM", 2, 1234.78
"7/20/21 10:30:00 PM", 3, 21.1
"7/20/21 10:30:00 PM", 4, 0
"7/20/21 10:30:00 PM", 5, 18.5
"7/20/21 10:00:00 PM", 30, 1.0
"7/20/21 10:00:00 PM", 1, 7.69
"7/20/21 10:00:00 PM", 2, 1236.64
"7/20/21 10:00:00 PM", 3, 21.1
"7/20/21 10:00:00 PM", 4, 0
"7/20/21 10:00:00 PM", 5, 18.7
"7/20/21 9:30:00 PM", 30, 1.0
"7/20/21 9:30:00 PM", 1, 7.71
"7/20/21 9:30:00 PM", 2, 1232.89
"7/20/21 9:30:00 PM", 3, 21.1
"7/20/21 9:30:00 PM", 4, 0
"7/20/21 9:30:00 PM", 5, 18.6
"7/20/21 9:00:00 PM", 30, 1.0
"7/20/21 9:00:00 PM", 1, 7.69
"7/20/21 9:00:00 PM", 2, 1239.76
"7/20/21 9:00:00 PM", 3, 21.1
"7/20/21 9:00:00 PM", 4, 0
"7/20/21 9:00:00 PM", 5, 18.6
"7/20/21 8:30:00 PM", 30, 1.0
"7/20/21 8:30:00 PM", 1, 7.69
"7/20/21 8:30:00 PM", 2, 1239.13
"7/20/21 8:30:00 PM", 3, 21.1
"7/20/21 8:30:00 PM", 4, 0
"7/20/21 8:30:00 PM", 5, 18.7
"7/20/21 8:00:00 PM", 30, 1.0
"7/20/21 8:00:00 PM", 1, 7.69
"7/20/21 8:00:00 PM", 2, 1234.78
"7/20/21 8:00:00 PM", 3, 21.1
"7/20/21 8:00:00 PM", 4, 0
"7/20/21 8:00:00 PM", 5, 18.7
"7/20/21 7:30:00 PM", 30, 1.0
"7/20/21 7:30:00 PM", 1, 7.70
"7/20/21 7:30:00 PM", 2, 1232.89
"7/20/21 7:30:00 PM", 3, 21.0
"7/20/21 7:30:00 PM", 4, 0
"7/20/21 7:30:00 PM", 5, 18.6
"7/20/21 7:00:00 PM", 30, 1.0
"7/20/21 7:00:00 PM", 1, 7.70
"7/20/21 7:00:00 PM", 2, 1234.78
"7/20/21 7:00:00 PM", 3, 21.0
"7/20/21 7:00:00 PM", 4, 0
"7/20/21 7:00:00 PM", 5, 18.6
"7/20/21 6:30:00 PM", 30, 1.0
"7/20/21 6:30:00 PM", 1, 7.67
"7/20/21 6:30:00 PM", 2, 1237.27
"7/20/21 6:30:00 PM", 3, 21.0
"7/20/21 6:30:00 PM", 4, 0
"7/20/21 6:30:00 PM", 5, 18.6
"7/20/21 6:00:00 PM", 30, 1.0
"7/20/21 6:00:00 PM", 1, 7.64
"7/20/21 6:00:00 PM", 2, 1239.76
"7/20/21 6:00:00 PM", 3, 21.0
"7/20/21 6:00:00 PM", 4, 0
"7/20/21 6:00:00 PM", 5, 18.7
"7/20/21 5:30:00 PM", 30, 1.0
"7/20/21 5:30:00 PM", 1, 7.68
"7/20/21 5:30:00 PM", 2, 1239.13
"7/20/21 5:30:00 PM", 3, 20.9
"7/20/21 5:30:00 PM", 4, 0
"7/20/21 5:30:00 PM", 5, 18.6
"7/20/21 5:00:00 PM", 30, 1.0
"7/20/21 5:00:00 PM", 1, 7.68
"7/20/21 5:00:00 PM", 2, 1241.65
"7/20/21 5:00:00 PM", 3, 21.0
"7/20/21 5:00:00 PM", 4, 0
"7/20/21 5:00:00 PM", 5, 18.5
"7/20/21 4:30:00 PM", 30, 1.0
"7/20/21 4:30:00 PM", 1, 7.65
"7/20/21 4:30:00 PM", 2, 1237.27
"7/20/21 4:30:00 PM", 3, 21.0
"7/20/21 4:30:00 PM", 4, 0
"7/20/21 4:30:00 PM", 5, 18.6
"7/20/21 4:00:00 PM", 30, 1.0
"7/20/21 4:00:00 PM", 1, 7.60
"7/20/21 4:00:00 PM", 2, 1239.13
"7/20/21 4:00:00 PM", 3, 20.9
"7/20/21 4:00:00 PM", 4, 0
"7/20/21 4:00:00 PM", 5, 18.7
"7/20/21 3:30:00 PM", 30, 1.0
"7/20/21 3:30:00 PM", 1, 7.51
"7/20/21 3:30:00 PM", 2, 1238.53
"7/20/21 3:30:00 PM", 3, 20.9
"7/20/21 3:30:00 PM", 4, 0
"7/20/21 3:30:00 PM", 5, 18.7
"7/20/21 3:00:00 PM", 30, 1.0
"7/20/21 3:00:00 PM", 1, 7.59
"7/20/21 3:00:00 PM", 2, 1230.40
"7/20/21 3:00:00 PM", 3, 20.9
"7/20/21 3:00:00 PM", 4, 0
"7/20/21 3:00:00 PM", 5, 18.5
"7/20/21 2:30:00 PM", 30, 1.0
"7/20/21 2:30:00 PM", 1, 7.50
"7/20/21 2:30:00 PM", 2, 1227.88
"7/20/21 2:30:00 PM", 3, 20.9
"7/20/21 2:30:00 PM", 4, 0
"7/20/21 2:30:00 PM", 5, 18.7
"7/20/21 2:00:00 PM", 30, 1.0
"7/20/21 2:00:00 PM", 1, 7.62
"7/20/21 2:00:00 PM", 2, 1230.40
"7/20/21 2:00:00 PM", 3, 20.9
"7/20/21 2:00:00 PM", 4, 0
"7/20/21 2:00:00 PM", 5, 18.8
"7/20/21 1:30:00 PM", 30, 1.0
"7/20/21 1:30:00 PM", 1, 7.64
"7/20/21 1:30:00 PM", 2, 1230.40
"7/20/21 1:30:00 PM", 3, 20.8
"7/20/21 1:30:00 PM", 4, 0
"7/20/21 1:30:00 PM", 5, 18.7
"7/20/21 1:00:00 PM", 30, 1.0
"7/20/21 1:00:00 PM", 1, 7.64
"7/20/21 1:00:00 PM", 2, 1231.03
"7/20/21 1:00:00 PM", 3, 20.8
"7/20/21 1:00:00 PM", 4, 0
"7/20/21 1:00:00 PM", 5, 18.4
"7/20/21 12:30:00 PM", 30, 1.0
"7/20/21 12:30:00 PM", 1, 7.66
"7/20/21 12:30:00 PM", 2, 1219.75
"7/20/21 12:30:00 PM", 3, 20.8
"7/20/21 12:30:00 PM", 4, 0
"7/20/21 12:30:00 PM", 5, 18.5
"7/20/21 12:00:00 PM", 30, 1.0
"7/20/21 12:00:00 PM", 1, 7.61
"7/20/21 12:00:00 PM", 2, 1221.01
"7/20/21 12:00:00 PM", 3, 20.8
"7/20/21 12:00:00 PM", 4, 0
"7/20/21 12:00:00 PM", 5, 18.6
"7/20/21 11:30:00 AM", 30, 1.0
"7/20/21 11:30:00 AM", 1, 7.61
"7/20/21 11:30:00 AM", 2, 1229.14
"7/20/21 11:30:00 AM", 3, 20.8
"7/20/21 11:30:00 AM", 4, 0
"7/20/21 11:30:00 AM", 5, 18.5
"7/20/21 11:00:00 AM", 30, 1.0
"7/20/21 11:00:00 AM", 1, 7.63
"7/20/21 11:00:00 AM", 2, 1229.77
"7/20/21 11:00:00 AM", 3, 20.8
"7/20/21 11:00:00 AM", 4, 0
"7/20/21 11:00:00 AM", 5, 18.3
"7/20/21 10:30:00 AM", 30, 1.0
"7/20/21 10:30:00 AM", 1, 7.60
"7/20/21 10:30:00 AM", 2, 1231.03
"7/20/21 10:30:00 AM", 3, 20.8
"7/20/21 10:30:00 AM", 4, 0
"7/20/21 10:30:00 AM", 5, 18.2
"7/20/21 10:00:00 AM", 30, 1.0
"7/20/21 10:00:00 AM", 1, 7.50
"7/20/21 10:00:00 AM", 2, 1225.39
"7/20/21 10:00:00 AM", 3, 20.8
"7/20/21 10:00:00 AM", 4, 0
"7/20/21 10:00:00 AM", 5, 18.4
"7/20/21 9:30:00 AM", 30, 1.0
"7/20/21 9:30:00 AM", 1, 7.54
"7/20/21 9:30:00 AM", 2, 1228.51
"7/20/21 9:30:00 AM", 3, 20.7
"7/20/21 9:30:00 AM", 4, 0
"7/20/21 9:30:00 AM", 5, 18.5
"7/20/21 9:00:00 AM", 30, 1.0
"7/20/21 9:00:00 AM", 1, 7.57
"7/20/21 9:00:00 AM", 2, 1233.52
"7/20/21 9:00:00 AM", 3, 20.8
"7/20/21 9:00:00 AM", 4, 0
"7/20/21 9:00:00 AM", 5, 18.5
"7/20/21 8:30:00 AM", 30, 1.0
"7/20/21 8:30:00 AM", 1, 7.60
"7/20/21 8:30:00 AM", 2, 1237.27
"7/20/21 8:30:00 AM", 3, 20.8
"7/20/21 8:30:00 AM", 4, 0
"7/20/21 8:30:00 AM", 5, 18.3
"7/20/21 8:00:00 AM", 30, 1.0
"7/20/21 8:00:00 AM", 1, 7.58
"7/20/21 8:00:00 AM", 2, 1237.27
"7/20/21 8:00:00 AM", 3, 20.8
"7/20/21 8:00:00 AM", 4, 0
"7/20/21 8:00:00 AM", 5, 18.4
"7/20/21 7:30:00 AM", 30, 1.0
"7/20/21 7:30:00 AM", 1, 7.55
"7/20/21 7:30:00 AM", 2, 1235.38
"7/20/21 7:30:00 AM", 3, 20.8
"7/20/21 7:30:00 AM", 4, 0
"7/20/21 7:30:00 AM", 5, 18.4
"7/20/21 7:00:00 AM", 30, 1.0
"7/20/21 7:00:00 AM", 1, 7.58
"7/20/21 7:00:00 AM", 2, 1226.02
"7/20/21 7:00:00 AM", 3, 20.8
"7/20/21 7:00:00 AM", 4, 0
"7/20/21 7:00:00 AM", 5, 18.4
"7/20/21 6:30:00 AM", 30, 1.0
"7/20/21 6:30:00 AM", 1, 7.57
"7/20/21 6:30:00 AM", 2, 1236.01
"7/20/21 6:30:00 AM", 3, 20.8
"7/20/21 6:30:00 AM", 4, 0
"7/20/21 6:30:00 AM", 5, 18.3
"7/20/21 6:00:00 AM", 30, 1.0
"7/20/21 6:00:00 AM", 1, 7.59
"7/20/21 6:00:00 AM", 2, 1237.27
"7/20/21 6:00:00 AM", 3, 20.8
"7/20/21 6:00:00 AM", 4, 0
"7/20/21 6:00:00 AM", 5, 18.3
"7/20/21 5:30:00 AM", 30, 1.0
"7/20/21 5:30:00 AM", 1, 7.55
"7/20/21 5:30:00 AM", 2, 1236.01
"7/20/21 5:30:00 AM", 3, 20.8
"7/20/21 5:30:00 AM", 4, 0
"7/20/21 5:30:00 AM", 5, 18.3
"7/20/21 5:00:00 AM", 30, 1.0
"7/20/21 5:00:00 AM", 1, 7.59
"7/20/21 5:00:00 AM", 2, 1231.03
"7/20/21 5:00:00 AM", 3, 20.8
"7/20/21 5:00:00 AM", 4, 0
"7/20/21 5:00:00 AM", 5, 18.4
"7/20/21 4:30:00 AM", 30, 1.0
"7/20/21 4:30:00 AM", 1, 7.58
"7/20/21 4:30:00 AM", 2, 1236.64
"7/20/21 4:30:00 AM", 3, 20.8
"7/20/21 4:30:00 AM", 4, 0
"7/20/21 4:30:00 AM", 5, 18.3
"7/20/21 4:00:00 AM", 30, 1.0
"7/20/21 4:00:00 AM", 1, 7.53
"7/20/21 4:00:00 AM", 2, 1234.15
"7/20/21 4:00:00 AM", 3, 20.8
"7/20/21 4:00:00 AM", 4, 0
"7/20/21 4:00:00 AM", 5, 18.3
"7/20/21 3:30:00 AM", 30, 1.0
"7/20/21 3:30:00 AM", 1, 7.55
"7/20/21 3:30:00 AM", 2, 1233.52
"7/20/21 3:30:00 AM", 3, 20.8
"7/20/21 3:30:00 AM", 4, 0
"7/20/21 3:30:00 AM", 5, 18.5
"7/20/21 3:00:00 AM", 30, 1.0
"7/20/21 3:00:00 AM", 1, 7.55
"7/20/21 3:00:00 AM", 2, 1236.01
"7/20/21 3:00:00 AM", 3, 20.8
"7/20/21 3:00:00 AM", 4, 0
"7/20/21 3:00:00 AM", 5, 18.4
"7/20/21 2:30:00 AM", 30, 1.0
"7/20/21 2:30:00 AM", 1, 7.55
"7/20/21 2:30:00 AM", 2, 1233.52
"7/20/21 2:30:00 AM", 3, 20.8
"7/20/21 2:30:00 AM", 4, 0
"7/20/21 2:30:00 AM", 5, 18.5
"7/20/21 2:00:00 AM", 30, 1.0
"7/20/21 2:00:00 AM", 1, 7.59
"7/20/21 2:00:00 AM", 2, 1234.78
"7/20/21 2:00:00 AM", 3, 20.7
"7/20/21 2:00:00 AM", 4, 0
"7/20/21 2:00:00 AM", 5, 18.3
"7/20/21 1:30:00 AM", 30, 1.0
"7/20/21 1:30:00 AM", 1, 7.56
"7/20/21 1:30:00 AM", 2, 1232.89
"7/20/21 1:30:00 AM", 3, 20.8
"7/20/21 1:30:00 AM", 4, 0
"7/20/21 1:30:00 AM", 5, 18.4
"7/20/21 1:00:00 AM", 30, 1.0
"7/20/21 1:00:00 AM", 1, 7.54
"7/20/21 1:00:00 AM", 2, 1229.14
"7/20/21 1:00:00 AM", 3, 20.8
"7/20/21 1:00:00 AM", 4, 0
"7/20/21 1:00:00 AM", 5, 18.5
"7/20/21 12:30:00 AM", 30, 1.0
"7/20/21 12:30:00 AM", 1, 7.51
"7/20/21 12:30:00 AM", 2, 1229.14
"7/20/21 12:30:00 AM", 3, 20.7
"7/20/21 12:30:00 AM", 4, 0
"7/20/21 12:30:00 AM", 5, 18.5
"7/20/21 12:00:00 AM", 30, 1.0
"7/20/21 12:00:00 AM", 1, 7.60
"7/20/21 12:00:00 AM", 2, 1242.88
"7/20/21 12:00:00 AM", 3, 20.8
"7/20/21 12:00:00 AM", 4, 0
"7/20/21 12:00:00 AM", 5, 18.3
"7/19/21 11:30:00 PM", 30, 1.0
"7/19/21 11:30:00 PM", 1, 7.63
"7/19/21 11:30:00 PM", 2, 1243.51
"7/19/21 11:30:00 PM", 3, 20.8
"7/19/21 11:30:00 PM", 4, 0
"7/19/21 11:30:00 PM", 5, 18.5
"7/19/21 11:00:00 PM", 30, 1.0
"7/19/21 11:00:00 PM", 1, 7.62
"7/19/21 11:00:00 PM", 2, 1241.65
"7/19/21 11:00:00 PM", 3, 20.8
"7/19/21 11:00:00 PM", 4, 0
"7/19/21 11:00:00 PM", 5, 18.4
"7/19/21 10:30:00 PM", 30, 1.0
"7/19/21 10:30:00 PM", 1, 7.55
"7/19/21 10:30:00 PM", 2, 1244.77
"7/19/21 10:30:00 PM", 3, 20.7
"7/19/21 10:30:00 PM", 4, 0
"7/19/21 10:30:00 PM", 5, 18.5
"7/19/21 10:00:00 PM", 30, 1.0
"7/19/21 10:00:00 PM", 1, 7.61
"7/19/21 10:00:00 PM", 2, 1242.88
"7/19/21 10:00:00 PM", 3, 20.8
"7/19/21 10:00:00 PM", 4, 0
"7/19/21 10:00:00 PM", 5, 18.4
"7/19/21 9:30:00 PM", 30, 1.0
"7/19/21 9:30:00 PM", 1, 7.64
"7/19/21 9:30:00 PM", 2, 1239.76
"7/19/21 9:30:00 PM", 3, 20.7
"7/19/21 9:30:00 PM", 4, 0
"7/19/21 9:30:00 PM", 5, 18.4
"7/19/21 9:00:00 PM", 30, 1.0
"7/19/21 9:00:00 PM", 1, 7.59
"7/19/21 9:00:00 PM", 2, 1244.14
"7/19/21 9:00:00 PM", 3, 20.8
"7/19/21 9:00:00 PM", 4, 0
"7/19/21 9:00:00 PM", 5, 18.4
"7/19/21 8:30:00 PM", 30, 1.0
"7/19/21 8:30:00 PM", 1, 7.56
"7/19/21 8:30:00 PM", 2, 1240.39
"7/19/21 8:30:00 PM", 3, 20.8
"7/19/21 8:30:00 PM", 4, 0
"7/19/21 8:30:00 PM", 5, 18.4
"7/19/21 8:00:00 PM", 30, 1.0
"7/19/21 8:00:00 PM", 1, 7.56
"7/19/21 8:00:00 PM", 2, 1238.53
"7/19/21 8:00:00 PM", 3, 20.7
"7/19/21 8:00:00 PM", 4, 0
"7/19/21 8:00:00 PM", 5, 18.4
"7/19/21 7:30:00 PM", 30, 1.0
"7/19/21 7:30:00 PM", 1, 7.63
"7/19/21 7:30:00 PM", 2, 1240.39
"7/19/21 7:30:00 PM", 3, 20.8
"7/19/21 7:30:00 PM", 4, 0
"7/19/21 7:30:00 PM", 5, 18.4
"7/19/21 7:00:00 PM", 30, 1.0
"7/19/21 7:00:00 PM", 1, 7.58
"7/19/21 7:00:00 PM", 2, 1241.02
"7/19/21 7:00:00 PM", 3, 20.8
"7/19/21 7:00:00 PM", 4, 0
"7/19/21 7:00:00 PM", 5, 18.4
"7/19/21 6:30:00 PM", 30, 1.0
"7/19/21 6:30:00 PM", 1, 7.58
"7/19/21 6:30:00 PM", 2, 1242.28
"7/19/21 6:30:00 PM", 3, 20.8
"7/19/21 6:30:00 PM", 4, 0
"7/19/21 6:30:00 PM", 5, 18.5
"7/19/21 6:00:00 PM", 30, 1.0
"7/19/21 6:00:00 PM", 1, 7.64
"7/19/21 6:00:00 PM", 2, 1244.14
"7/19/21 6:00:00 PM", 3, 20.8
"7/19/21 6:00:00 PM", 4, 0
"7/19/21 6:00:00 PM", 5, 18.4
"7/19/21 5:30:00 PM", 30, 1.0
"7/19/21 5:30:00 PM", 1, 7.65
"7/19/21 5:30:00 PM", 2, 1238.53
"7/19/21 5:30:00 PM", 3, 20.8
"7/19/21 5:30:00 PM", 4, 0
"7/19/21 5:30:00 PM", 5, 18.4
"7/19/21 5:00:00 PM", 30, 1.0
"7/19/21 5:00:00 PM", 1, 7.60
"7/19/21 5:00:00 PM", 2, 1235.38
"7/19/21 5:00:00 PM", 3, 20.7
"7/19/21 5:00:00 PM", 4, 0
"7/19/21 5:00:00 PM", 5, 18.3
"7/19/21 4:30:00 PM", 30, 1.0
"7/19/21 4:30:00 PM", 1, 7.58
"7/19/21 4:30:00 PM", 2, 1227.88
"7/19/21 4:30:00 PM", 3, 20.8
"7/19/21 4:30:00 PM", 4, 0
"7/19/21 4:30:00 PM", 5, 18.4
"7/19/21 4:00:00 PM", 30, 1.0
"7/19/21 4:00:00 PM", 1, 7.53
"7/19/21 4:00:00 PM", 2, 1236.01
"7/19/21 4:00:00 PM", 3, 20.8
"7/19/21 4:00:00 PM", 4, 0
"7/19/21 4:00:00 PM", 5, 18.5
"7/19/21 3:30:00 PM", 30, 1.0
"7/19/21 3:30:00 PM", 1, 7.49
"7/19/21 3:30:00 PM", 2, 1238.53
"7/19/21 3:30:00 PM", 3, 20.7
"7/19/21 3:30:00 PM", 4, 0
"7/19/21 3:30:00 PM", 5, 18.4
"7/19/21 3:00:00 PM", 30, 1.0
"7/19/21 3:00:00 PM", 1, 7.57
"7/19/21 3:00:00 PM", 2, 1250.41
"7/19/21 3:00:00 PM", 3, 20.8
"7/19/21 3:00:00 PM", 4, 0
"7/19/21 3:00:00 PM", 5, 18.4
"7/19/21 2:30:00 PM", 30, 1.0
"7/19/21 2:30:00 PM", 1, 7.59
"7/19/21 2:30:00 PM", 2, 1251.64
"7/19/21 2:30:00 PM", 3, 20.8
"7/19/21 2:30:00 PM", 4, 0
"7/19/21 2:30:00 PM", 5, 18.5
"7/19/21 2:00:00 PM", 30, 1.0
"7/19/21 2:00:00 PM", 1, 7.59
"7/19/21 2:00:00 PM", 2, 1249.78
"7/19/21 2:00:00 PM", 3, 20.8
"7/19/21 2:00:00 PM", 4, 0
"7/19/21 2:00:00 PM", 5, 18.5
"7/19/21 1:30:00 PM", 30, 1.0
"7/19/21 1:30:00 PM", 1, 7.56
"7/19/21 1:30:00 PM", 2, 1249.78
"7/19/21 1:30:00 PM", 3, 20.7
"7/19/21 1:30:00 PM", 4, 0
"7/19/21 1:30:00 PM", 5, 18.4
"7/19/21 1:00:00 PM", 30, 1.0
"7/19/21 1:00:00 PM", 1, 7.54
"7/19/21 1:00:00 PM", 2, 1248.52
"7/19/21 1:00:00 PM", 3, 20.8
"7/19/21 1:00:00 PM", 4, 0
"7/19/21 1:00:00 PM", 5, 18.3
"7/19/21 12:30:00 PM", 30, 1.0
"7/19/21 12:30:00 PM", 1, 7.57
"7/19/21 12:30:00 PM", 2, 1247.89
"7/19/21 12:30:00 PM", 3, 20.8
"7/19/21 12:30:00 PM", 4, 0
"7/19/21 12:30:00 PM", 5, 18.4
"7/19/21 12:00:00 PM", 30, 1.0
"7/19/21 12:00:00 PM", 1, 7.64
"7/19/21 12:00:00 PM", 2, 1246.66
"7/19/21 12:00:00 PM", 3, 20.8
"7/19/21 12:00:00 PM", 4, 0
"7/19/21 12:00:00 PM", 5, 18.5
"7/19/21 11:30:00 AM", 30, 1.0
"7/19/21 11:30:00 AM", 1, 7.58
"7/19/21 11:30:00 AM", 2, 1242.88
"7/19/21 11:30:00 AM", 3, 20.7
"7/19/21 11:30:00 AM", 4, 0
"7/19/21 11:30:00 AM", 5, 18.4
"7/19/21 11:00:00 AM", 30, 1.0
"7/19/21 11:00:00 AM", 1, 7.57
"7/19/21 11:00:00 AM", 2, 1251.01
"7/19/21 11:00:00 AM", 3, 20.7
"7/19/21 11:00:00 AM", 4, 0
"7/19/21 11:00:00 AM", 5, 18.4
"7/19/21 10:30:00 AM", 30, 1.0
"7/19/21 10:30:00 AM", 1, 7.61
"7/19/21 10:30:00 AM", 2, 1248.52
"7/19/21 10:30:00 AM", 3, 20.8
"7/19/21 10:30:00 AM", 4, 0
"7/19/21 10:30:00 AM", 5, 18.4
"7/19/21 10:00:00 AM", 30, 1.0
"7/19/21 10:00:00 AM", 1, 7.51
"7/19/21 10:00:00 AM", 2, 1249.78
"7/19/21 10:00:00 AM", 3, 20.8
"7/19/21 10:00:00 AM", 4, 0
"7/19/21 10:00:00 AM", 5, 18.5
"7/19/21 9:30:00 AM", 30, 1.0
"7/19/21 9:30:00 AM", 1, 7.48
"7/19/21 9:30:00 AM", 2, 1249.15
"7/19/21 9:30:00 AM", 3, 20.7
"7/19/21 9:30:00 AM", 4, 0
"7/19/21 9:30:00 AM", 5, 18.6
"7/19/21 9:00:00 AM", 30, 1.0
"7/19/21 9:00:00 AM", 1, 7.59
"7/19/21 9:00:00 AM", 2, 1254.16
"7/19/21 9:00:00 AM", 3, 20.8
"7/19/21 9:00:00 AM", 4, 0
"7/19/21 9:00:00 AM", 5, 18.5
"7/19/21 8:30:00 AM", 30, 1.0
"7/19/21 8:30:00 AM", 1, 7.55
"7/19/21 8:30:00 AM", 2, 1257.91
"7/19/21 8:30:00 AM", 3, 20.8
"7/19/21 8:30:00 AM", 4, 0
"7/19/21 8:30:00 AM", 5, 18.5
"7/19/21 8:00:00 AM", 30, 1.0
"7/19/21 8:00:00 AM", 1, 7.54
"7/19/21 8:00:00 AM", 2, 1256.02
"7/19/21 8:00:00 AM", 3, 20.8
"7/19/21 8:00:00 AM", 4, 0
"7/19/21 8:00:00 AM", 5, 18.5
"7/19/21 7:30:00 AM", 30, 1.0
"7/19/21 7:30:00 AM", 1, 7.57
"7/19/21 7:30:00 AM", 2, 1256.65
"7/19/21 7:30:00 AM", 3, 20.8
"7/19/21 7:30:00 AM", 4, 0
"7/19/21 7:30:00 AM", 5, 18.5
"7/19/21 7:00:00 AM", 30, 1.0
"7/19/21 7:00:00 AM", 1, 7.55
"7/19/21 7:00:00 AM", 2, 1256.65
"7/19/21 7:00:00 AM", 3, 20.7
"7/19/21 7:00:00 AM", 4, 0
"7/19/21 7:00:00 AM", 5, 18.3
"7/19/21 6:30:00 AM", 30, 1.0
"7/19/21 6:30:00 AM", 1, 7.57
"7/19/21 6:30:00 AM", 2, 1248.52
"7/19/21 6:30:00 AM", 3, 20.7
"7/19/21 6:30:00 AM", 4, 0
"7/19/21 6:30:00 AM", 5, 18.3
"7/19/21 6:00:00 AM", 30, 1.0
"7/19/21 6:00:00 AM", 1, 7.54
"7/19/21 6:00:00 AM", 2, 1247.89
"7/19/21 6:00:00 AM", 3, 20.7
"7/19/21 6:00:00 AM", 4, 0
"7/19/21 6:00:00 AM", 5, 18.4
